מספר חשבונית,קישור לספק,תאריך חשבונית,שם ספק,סכום כולל מע''מ,סכום לפני מע''מ,סכום מע''מ,קטגוריה,פירוט שורות,החזר חלקי,שם השולח,סטטוס טיפול,סוג חשבונית,קישור לחשבונית,קישור לקובץ בדרייב,קישור לתיקית החודש,קישור למייל המקורי,כתובת מייל שולח,תאריך ושעת קבלת המייל,מזהה מייל,כפילות,שגיאה,תאריך העלאה למערכת,איכות פענוח,הועבר לרוח,ai_missing_fields,execution_log_url,ai_confidence,error_reason,html_content,קישור להרצה
T613000130300044989,ליבנה צפוני בע״מ,2024-04-26,ליבנה צפוני בע״מ,540.00,457.63,82.4,שונות,קאלקס יחידת מדפים 42 x1,,הדסה אבלס,,,,https://drive.google.com/drive/folders/101cQG9KbXBjwuI-h_JRe7RudCHVsDXpg,https://drive.google.com/drive/folders/1TTyV2IWjfSbR6Bkhzpo4kgWDqPm1_T_p,https://mail.google.com/mail/u/0/#inbox/19dcd2f3a834cad6,h8420785@gmail.com,2026-04-27T04:25:17.000Z,19dcd2f3a834cad6,,,27/04/2026,high,checked,,,,,,
1370520319,הוט מובייל בע״מ,2026-01-04,הוט מובייל בע״מ,15.10,12.79,2.3,הוצאות ניהול,חיובים קבועים - 32.28 ש״ח,,HOTmobile,,,,https://drive.google.com/drive/folders/1z_xmPSaY_yR1GXsUuFpPUS_V6EAq-tTW,https://drive.google.com/drive/folders/1ugx6yLq6t7PRFZqtz8JaZrOZiWF734Ca,https://mail.google.com/mail/u/0/#inbox/19bbd47984944331,HOTmobile@printernet.co.il,2026-01-14T16:10:54.000Z,19bbd47984944331,,,21/04/2026,high,checked,,,,,,
4051,RACHELI'S,2026-01-05,RACHELI'S,1585.92,1344.00,241.9,ספקים ביגוד,כותונת WINTER שחור 2014 x8,,רחלי קנטור ,,,,https://drive.google.com/drive/folders/1x-ILsyxjZ2FAn-Ph0HCOlJfWk5eD7gdK,https://drive.google.com/drive/folders/1ugx6yLq6t7PRFZqtz8JaZrOZiWF734Ca,https://mail.google.com/mail/u/0/#inbox/19b8dd997dc63e5e,outgoing@icount.co.il,2026-01-05T11:10:05.000Z,19b8dd997dc63e5e,,,21/04/2026,high,checked,,,,,,
1327,סניורה/ג׳וני עיצובים,2026-01-08,סניורה/ג׳וני עיצובים,3906.00,3310.00,595.8,ספקים כיסויי ראש,מרובעות פרנזים הזמנה x260,,נתנאל נצרתי ,,,,https://drive.google.com/drive/folders/1b2J__FYNQffqdok3F8t1o6ewZ8Fsusy_,https://drive.google.com/drive/folders/1ugx6yLq6t7PRFZqtz8JaZrOZiWF734Ca,https://mail.google.com/mail/u/0/#inbox/19b9c71d0b8d3cc3,outgoing@icount.co.il,2026-01-08T07:11:03.000Z,19b9c71d0b8d3cc3,,,21/04/2026,high,checked,,,,,,
03/000729,ST FASHION,2026-01-11,ST FASHION,89.00,75.42,13.6,ספקים ביגוד,חצאית לייקרה צר עם ביטנה x1,,,,,,https://drive.google.com/drive/folders/1W93H6dzpDpyr0buEwE_0g3RtTrwgxrvT,https://drive.google.com/drive/folders/1ugx6yLq6t7PRFZqtz8JaZrOZiWF734Ca,https://mail.google.com/mail/u/0/#inbox/19bacda31f4261fa,0584483765st@gmail.com,2026-01-11T11:38:58.000Z,19bacda31f4261fa,,,21/04/2026,high,checked,,,,,,
1335,סניורה/ג׳וני עיצובים,2026-01-18,סניורה/ג׳וני עיצובים,6394.00,5418.56,975.4,ספקים ביגוד,מרובעות פרימיום x295,,נתנאל נצרתי ,,,,https://drive.google.com/drive/folders/1tq_4YxZDvT4JyRTQzDii8CJrauzrm2vu,https://drive.google.com/drive/folders/1ugx6yLq6t7PRFZqtz8JaZrOZiWF734Ca,https://mail.google.com/mail/u/0/#inbox/19bd2ca5c65c882a,outgoing@icount.co.il,2026-01-18T20:27:15.000Z,19bd2ca5c65c882a,,,21/04/2026,high,checked,,,,,,
1586,כובעי זיוה,2026-01-20,כובעי זיוה,4200.80,3560.00,640.8,ספקים כיסויי ראש,קשת מעוטר x11,,כובעי זיוה,,,,https://drive.google.com/drive/folders/1WivHo0IyxAbmS2BAuJoq9-lJqfWEuFum,https://drive.google.com/drive/folders/1ugx6yLq6t7PRFZqtz8JaZrOZiWF734Ca,https://mail.google.com/mail/u/0/#inbox/19bdb4bb50f6b9d3,noreply@ezcount.co.il,2026-01-20T12:05:30.000Z,19bdb4bb50f6b9d3,,,21/04/2026,high,checked,,,,,,
36782,פיין קונטנט בע״מ,2026-01-21,פיין קונטנט בע״מ,2000.00,1694.92,305.1,שונות,פסיכוקופירייטינג - מחזור ב' נשים ללא חברותא x1,,"פיין קונטנט בע""מ",,,,https://drive.google.com/drive/folders/1_DmEkUb6bYbXz0w4lubIL3mNjFXVWFT0,https://drive.google.com/drive/folders/1ugx6yLq6t7PRFZqtz8JaZrOZiWF734Ca,https://mail.google.com/mail/u/0/#inbox/19be003dfa149b29,outgoing@out.cardcom.co.il,2026-01-21T10:05:07.000Z,19be003dfa149b29,,,21/04/2026,high,checked,,,,,,
368113,איי פקט בע״מ,2026-01-23,איי פקט בע״מ,193.52,164.00,29.5,הוצאות ניהול,הדסה אבלס - מנוי חודשי ביזיבוקס לעסקים עבור עד 5 חשבונות x1,,"איי פקט בע""מ",,,,https://drive.google.com/drive/folders/12rYm2agWseai6XiUKJldBLJZNO1Qo5Ms,https://drive.google.com/drive/folders/1ugx6yLq6t7PRFZqtz8JaZrOZiWF734Ca,https://mail.google.com/mail/u/0/#inbox/19be9ec42f958e9e,outgoing@out.cardcom.co.il,2026-01-23T08:15:32.000Z,19be9ec42f958e9e,,,21/04/2026,high,checked,,,,,,
101259502,בזק-ג'ן בע״מ,2026-01-25,בזק-ג'ן בע״מ,635.72,538.74,97.0,הוצאות ניהול,תשלום קבוע אספקה 01/12/25-31/12/25,,בזק,,,,https://drive.google.com/drive/folders/1IHwhWHfX7NJ48B-4EgoC00A_jfHBMWIB,https://drive.google.com/drive/folders/1ugx6yLq6t7PRFZqtz8JaZrOZiWF734Ca,https://mail.google.com/mail/u/0/#inbox/19c085ef3e99e2fa,bezeq_mail@bezeq.co.il,2026-01-29T06:09:25.000Z,19c085ef3e99e2fa,,,21/04/2026,high,checked,,,,,,
1/37754,Smart Scent,2026-01-27,Smart Scent,236.00,200.00,36.0,שונות,השכרת מערכת ריח דגם sm-400 x1,,Smart Scent,,,,https://drive.google.com/drive/folders/1t4AQV9U-9f8scforcoNRZlTfQPBOS4gh,https://drive.google.com/drive/folders/1ugx6yLq6t7PRFZqtz8JaZrOZiWF734Ca,https://mail.google.com/mail/u/0/#inbox/19bfccad0a1eeb53,smart@smartscent.co.il,2026-01-27T00:11:37.000Z,19bfccad0a1eeb53,,,21/04/2026,high,checked,,,,,,
412349845,הייפ פתרונות תשלום בע״מ,2026-02-02,הייפ פתרונות תשלום בע״מ,460.50,390.25,70.3,הוצאות ניהול,שירות תקשורת מסוף 6436167/1 דגם mini 2T מ-01/02/26 עד 28/02/26 x1,,,,,,https://drive.google.com/drive/folders/1Ksms41M8lFrt0vb3sgSqSuqbpxoBuxTi,https://drive.google.com/drive/folders/1qlZnYX9sMo1XLl2zYEBdWcOmiNIWTrZs,https://mail.google.com/mail/u/0/#inbox/19c1e77d328ed7d3,Caspit-invoice@caspitgroup.co.il,2026-02-02T12:53:20.000Z,19c1e77d328ed7d3,,,21/04/2026,high,checked,,,,,,
IR2254161,ת.סייפטק טכנולוגיות בע״מ,2026-02-05,ת.סייפטק טכנולוגיות בע״מ,35.20,29.83,5.4,הוצאות ניהול,רשיון חודשי סייפטק x1,,סייפטק - סינון תכנים באינטרנט,,,,https://drive.google.com/drive/folders/1whwsNiUF0_Dakl5GLR5ym6OclXu5g7Rf,https://drive.google.com/drive/folders/1qlZnYX9sMo1XLl2zYEBdWcOmiNIWTrZs,https://mail.google.com/mail/u/0/#inbox/19c2b6f399cd52e3,help@safe-tec.co.il,2026-02-05T01:33:53.000Z,19c2b6f399cd52e3,,,21/04/2026,high,checked,,,,,,
9825,JOSEF Look Women's Design,2026-02-08,JOSEF Look Women's Design,-1765.00,-1495.00,-270.0,ספקים ביגוד,שבלונות ביס בגדול x3,,הדסה אבלס,,,,https://drive.google.com/drive/folders/1o69w9hRpXNgcTqOQ_0Z9SMue3sh6jK8J,https://drive.google.com/drive/folders/1a-JYXOCvwNtzWzwpP3IbN-y1jwrnCJww,https://mail.google.com/mail/u/0/#inbox/19df19aeadb341c0,h8420785@gmail.com,2026-05-04T06:09:14.000Z,19df19aeadb341c0,,,07/05/2026,medium,checked,,,,,,
01/001506,שייני 26 בע״מ,2026-02-10,שייני 26 בע״מ,1534.00,1300.00,234.0,ספקים כיסויי ראש,מטפחת כותנה x130,,,,,,https://drive.google.com/drive/folders/1dqxX1NLt9FIoaXFAyFpNSf3jzm5K8qhf,https://drive.google.com/drive/folders/1qlZnYX9sMo1XLl2zYEBdWcOmiNIWTrZs,https://mail.google.com/mail/u/0/#inbox/19c478daa68555b9,shine6243449@gmail.com,2026-02-10T12:36:31.000Z,19c478daa68555b9,,,21/04/2026,high,checked,,,,,,
40114,כובעי זיוה,2026-02-11,כובעי זיוה,418.90,355.00,63.9,ספקים כיסויי ראש,בנדנה רשת + x5,,כובעי זיוה,,,,https://drive.google.com/drive/folders/1dsFaKe0OBpteLCIeAWxn1VICtzTHtmRy,https://drive.google.com/drive/folders/1qlZnYX9sMo1XLl2zYEBdWcOmiNIWTrZs,https://mail.google.com/mail/u/0/#inbox/19c81a70fa0ba1ef,noreply@ezcount.co.il,2026-02-21T19:22:14.000Z,19c81a70fa0ba1ef,,,21/04/2026,high,checked,,,,,,
1607,כובעי זיוה,2026-02-11,כובעי זיוה,7990.96,6772.00,1219.0,ספקים כיסויי ראש,בנדנה ספוג מלנג קודם x5,,כובעי זיוה,,,,https://drive.google.com/drive/folders/1DAiXaRbZYAB_n5WxyB7PRYBpajKAG9Fa,https://drive.google.com/drive/folders/1qlZnYX9sMo1XLl2zYEBdWcOmiNIWTrZs,https://mail.google.com/mail/u/0/#inbox/19c81a5c7772d1e6,noreply@ezcount.co.il,2026-02-21T19:20:50.000Z,19c81a5c7772d1e6,,,21/04/2026,high,checked,,,,,,
98101,וליוקארד בע״מ,2026-02-13,וליוקארד בע״מ,444.00,376.24,67.7,הוצאות ניהול,שימוש שוטף במערכת וליוקארד 02/26 x1,,"וליוקארד בע""מ",,,,https://drive.google.com/drive/folders/15_xwFczw4sRQxYWUFTTvAxWa-UFpIfEN,https://drive.google.com/drive/folders/1qlZnYX9sMo1XLl2zYEBdWcOmiNIWTrZs,https://mail.google.com/mail/u/0/#inbox/19c56e2e0fc218f6,invoice@hclickapp.co.il,2026-02-13T12:03:54.000Z,19c56e2e0fc218f6,,,21/04/2026,high,checked,,,,,,
01/002544,ST FASHION,2026-02-15,ST FASHION,10712.00,9077.97,1634.0,ספקים ביגוד,שמלה קשירה פפיונים x5,,,,,,https://drive.google.com/drive/folders/1M1IgCseiaAoI-3x0oxyZqnuaUu2bjcd2,https://drive.google.com/drive/folders/1qlZnYX9sMo1XLl2zYEBdWcOmiNIWTrZs,https://mail.google.com/mail/u/0/#inbox/19c6185a4617c611,0584483765st@gmail.com,2026-02-15T13:37:53.000Z,19c6185a4617c611,,,21/04/2026,high,checked,,,,,,
SI266000048,בגדי נוחות בע״מ,2026-02-16,בגדי נוחות בע״מ,15239.70,12915.00,2324.7,ספקים ביגוד,חולצה ארמני טופ שחור לבן M x2,,בתיה חי,,,,https://drive.google.com/drive/folders/1QYPS24vpk-0MqUY4nWvqH70ABQG73BKa,https://drive.google.com/drive/folders/1qlZnYX9sMo1XLl2zYEBdWcOmiNIWTrZs,https://mail.google.com/mail/u/0/#inbox/19ce21050ac18df2,batya@ninarocca.co.il,2026-03-12T12:40:42.000Z,19ce21050ac18df2,,,21/04/2026,high,checked,,,,,,
50274,מרציאנו ייבוא ושיווק כיסויי ראש,2026-02-16,מרציאנו ייבוא ושיווק כיסויי ראש,3857.00,3268.66,588.3,ספקים כיסויי ראש,מטפחת ערב x30,,מרציאנו ייבוא ושיווק כיסויי ראש,,,,https://drive.google.com/drive/folders/1wVxYwI6Nx8M_gJLG7ZXrHMmbNOOcU3-h,https://drive.google.com/drive/folders/1qlZnYX9sMo1XLl2zYEBdWcOmiNIWTrZs,https://mail.google.com/mail/u/0/#inbox/19c6594c23326ff7,notify@morning.co,2026-02-16T08:32:53.000Z,19c6594c23326ff7,,,21/04/2026,high,checked,,,,,,
265001780OV,ילו ניהול בע״מ,2026-02-17,ילו ניהול בע״מ,450.00,381.36,68.6,הוצאות ניהול,רב מכר - פנים - חצי עמוד שמאל 1/2 x1,,מירי בן צור,,,,https://drive.google.com/drive/folders/1Z4dac-h0a1hdFyGXxInQBNWYhg8upv7Z,https://drive.google.com/drive/folders/1qlZnYX9sMo1XLl2zYEBdWcOmiNIWTrZs,https://mail.google.com/mail/u/0/#inbox/19c70202ffc24813,ravtashlum@gmail.com,2026-02-18T09:41:21.000Z,19c70202ffc24813,,,21/04/2026,high,checked,,,,,,
1346,סניורה/ג׳וני עיצובים,2026-02-17,סניורה/ג׳וני עיצובים,1097.00,930.00,167.3,ספקים כיסויי ראש,מרובעות לורקס x20,,נתנאל נצרתי ,,,,https://drive.google.com/drive/folders/1oAdE-G-jlKX1TaXzZELCFcPbXAmuhcMg,https://drive.google.com/drive/folders/1qlZnYX9sMo1XLl2zYEBdWcOmiNIWTrZs,https://mail.google.com/mail/u/0/#inbox/19c6a47f8b42fc8c,outgoing@icount.co.il,2026-02-17T06:27:07.000Z,19c6a47f8b42fc8c,,,21/04/2026,high,checked,,,,,,
5316,חיה אורדמן בע״מ,2026-02-19,חיה אורדמן בע״מ,15754.77,13351.50,2403.3,ספקים ביגוד,חלוק הנקה טבעת קומות שיפון דגם Y26800DNO x5,,"חיה אורדמן בע""מ 515872802",,,,https://drive.google.com/drive/folders/1J4oZ_4Pej9B8UdHqHMAKnRlsESKxii-L,https://drive.google.com/drive/folders/1qlZnYX9sMo1XLl2zYEBdWcOmiNIWTrZs,https://mail.google.com/mail/u/0/#inbox/19db8e9b031ee51f,app@invoice-maven.co.il,2026-04-23T05:56:54.000Z,19db8e9b031ee51f,,,23/04/2026,high,checked,,,,,,
82513,סמרה,2026-02-19,סמרה,2682.00,2272.88,409.1,ספקים בגדי ים,בגד ים נשים חצאית צמע x17,,הדסה אבלס,,,,https://drive.google.com/drive/folders/10ZLz-2eWJKLvOVzw2MXRCbI71fXq0-pN,https://drive.google.com/drive/folders/1qlZnYX9sMo1XLl2zYEBdWcOmiNIWTrZs,https://mail.google.com/mail/u/0/#inbox/19dc66becd976cd5,h8420785@gmail.com,2026-04-25T20:54:14.000Z,19dc66becd976cd5,,,26/04/2026,high,checked,,,,,,
36840,פיין קונטנט בע״מ,2026-02-21,פיין קונטנט בע״מ,2000.00,1694.92,305.1,שונות,פסיכוקופירייטינג - מחזור ב' נשים ללא חברותא (תשלום 2 מתוך 6) x1,,"פיין קונטנט בע""מ",,,,https://drive.google.com/drive/folders/1ZFoVCbXvcQ-kWLMDBSi9ZZKirjxn4_Et,https://drive.google.com/drive/folders/1qlZnYX9sMo1XLl2zYEBdWcOmiNIWTrZs,https://mail.google.com/mail/u/0/#inbox/19c7e9d1b3249394,outgoing@out.cardcom.co.il,2026-02-21T05:12:30.000Z,19c7e9d1b3249394,,,21/04/2026,high,checked,,,,,,
01/001536,שייני 26 בע״מ,2026-02-23,שייני 26 בע״מ,5664.00,4800.00,864.0,ספקים כיסויי ראש,מטפחת כותנה x400,,,,,,https://drive.google.com/drive/folders/1Cbf3VcZ7PBCLhBmGc1QL1y4zNj0fcPMp,https://drive.google.com/drive/folders/1qlZnYX9sMo1XLl2zYEBdWcOmiNIWTrZs,https://mail.google.com/mail/u/0/#inbox/19c8b413176d0a8b,shine6243449@gmail.com,2026-02-23T16:07:10.000Z,19c8b413176d0a8b,,,21/04/2026,high,checked,,,,,,
4076,RACHELI'S,2026-02-24,RACHELI'S,3776.00,3200.00,576.0,ספקים ביגוד,חליפה נצנץ 4027 x16,,רחלי קנטור ,,,,https://drive.google.com/drive/folders/1IRl_NStSOxay-JbkwH2ei2wWR7riI6sG,https://drive.google.com/drive/folders/1qlZnYX9sMo1XLl2zYEBdWcOmiNIWTrZs,https://mail.google.com/mail/u/0/#inbox/19c8feec48015759,outgoing@icount.co.il,2026-02-24T13:55:15.000Z,19c8feec48015759,,,21/04/2026,high,checked,,,,,,
356/2026,הדפוס המהיר,2026-02-24,הדפוס המהיר,330.40,280.00,50.4,הוצאות משרד,הדפסות x500,,נשלח באמצעות בינה מערכות תוכנה ופתרונות,,,,https://drive.google.com/drive/folders/1LT0qtB4UtJ7rV9yi1XxfFRzb7gJdBYnU,https://drive.google.com/drive/folders/1qlZnYX9sMo1XLl2zYEBdWcOmiNIWTrZs,https://mail.google.com/mail/u/0/#inbox/19c8fab1855bcf33,do-not-replay@binaw.com,2026-02-24T12:41:17.000Z,19c8fab1855bcf33,,,21/04/2026,high,checked,,,,,,
01/000089,LUMIERE,2026-02-24,LUMIERE,12161.00,10305.93,1855.1,ספקים ביגוד,B20 x13,,,,,,https://drive.google.com/drive/folders/1lCwy1BVq4O9MuhujkmzT6nNTipCKCEZs,https://drive.google.com/drive/folders/1qlZnYX9sMo1XLl2zYEBdWcOmiNIWTrZs,https://mail.google.com/mail/u/0/#inbox/19c8f1055eea3f6a,lumiere8018@gmail.com,2026-02-24T09:52:16.000Z,19c8f1055eea3f6a,,,21/04/2026,high,checked,,,,,,
03/000040,LUMIERE,2026-02-24,LUMIERE,14350.00,12161.02,2189.0,ספקים ביגוד,B20 x13,,,,,,https://drive.google.com/drive/folders/1MrtLHxzMyUlE6hoxPzszWJtZS7_WRZE-,https://drive.google.com/drive/folders/1qlZnYX9sMo1XLl2zYEBdWcOmiNIWTrZs,https://mail.google.com/mail/u/0/#inbox/19c8f0d447ec0e4f,lumiere8018@gmail.com,2026-02-24T09:48:55.000Z,19c8f0d447ec0e4f,,,21/04/2026,high,checked,,,,,,
01/000088,LUMIERE,2026-02-24,LUMIERE,14350.00,12161.02,2189.0,ספקים ביגוד,B20 x13,,,,,,https://drive.google.com/drive/folders/18Du6-VhEJriBdq32UO_L6pOkamQCq1HL,https://drive.google.com/drive/folders/1qlZnYX9sMo1XLl2zYEBdWcOmiNIWTrZs,https://mail.google.com/mail/u/0/#inbox/19c8f0433893aa8e,lumiere8018@gmail.com,2026-02-24T09:39:01.000Z,19c8f0433893aa8e,,,21/04/2026,high,checked,,,,,,
372995,איי פקט בע״מ,2026-02-24,איי פקט בע״מ,193.52,164.00,29.5,הוצאות ניהול,הדסה אבלס - מנוי חודשי ביזיבוקס לעסקים עבור עד 5 חשבונות x1,,"איי פקט בע""מ",,,,https://drive.google.com/drive/folders/1qIf8yMJ2A4BeGy5yzrybr2dpV1vMWSBv,https://drive.google.com/drive/folders/1qlZnYX9sMo1XLl2zYEBdWcOmiNIWTrZs,https://mail.google.com/mail/u/0/#inbox/19c8e1eea53ca9de,outgoing@out.cardcom.co.il,2026-02-24T05:28:35.000Z,19c8e1eea53ca9de,,,21/04/2026,high,checked,,,,,,
2326,c.u.wear ציפי וינברג,2026-02-25,c.u.wear ציפי וינברג,18420.98,15611.00,2810.0,ספקים ביגוד,חולצה פרחים ואבנים x10,,ציפי וינברג ,,,,https://drive.google.com/drive/folders/17v2IO2M2q0bJWs3bRQvqlgkN8HF8fULV,https://drive.google.com/drive/folders/1qlZnYX9sMo1XLl2zYEBdWcOmiNIWTrZs,https://mail.google.com/mail/u/0/#inbox/19da99b5b8c12ca0,outgoing@icount.co.il,2026-04-20T06:37:03.000Z,19da99b5b8c12ca0,,,21/04/2026,high,checked,,,,,,
2326,ציפי וינברג c.u.wear,2026-02-25,ציפי וינברג c.u.wear,18420.98,15611.00,2810.0,ספקים ביגוד,חולצה פרחים ואבנים x10,,ציפי וינברג ,,,,https://drive.google.com/drive/folders/1fFZGy9tlLEHBBs4-gJ-bYmT1iimLgCYb,https://drive.google.com/drive/folders/1qlZnYX9sMo1XLl2zYEBdWcOmiNIWTrZs,https://mail.google.com/mail/u/0/#inbox/19cd6d1ca830e57d,outgoing@icount.co.il,2026-03-10T08:16:38.000Z,19cd6d1ca830e57d,,,21/04/2026,high,checked,,,,,,
1351,סניורה/ג׳וני עיצובים,2026-02-25,סניורה/ג׳וני עיצובים,4508.00,3820.00,687.7,ספקים כיסויי ראש,מרובעות כותנה עבה הזמנה x210,,נתנאל נצרתי ,,,,https://drive.google.com/drive/folders/1YNagZFawcUfyxvytTriu8FV2vrNSu07P,https://drive.google.com/drive/folders/1qlZnYX9sMo1XLl2zYEBdWcOmiNIWTrZs,https://mail.google.com/mail/u/0/#inbox/19c943a1fd08cb24,outgoing@icount.co.il,2026-02-25T09:56:02.000Z,19c943a1fd08cb24,,,21/04/2026,high,checked,,,,,,
18131463,הדסה אבלס,2026-02-25,הדסה אבלס,7000.00,5932.20,1067.8,שונות,שוברי מתנה,,הדסה אבלס,,,,https://drive.google.com/drive/folders/1JKco5d7ZTVFhFBkx282ewUxP-DoDwIsA,https://drive.google.com/drive/folders/1qlZnYX9sMo1XLl2zYEBdWcOmiNIWTrZs,https://mail.google.com/mail/u/0/#inbox/19c9429b0d9a0fd6,c+1350473165@sumit.co.il,2026-02-25T09:38:05.000Z,19c9429b0d9a0fd6,,,21/04/2026,high,checked,,,,,,
18131463,הדסה אבלס,2026-02-25,הדסה אבלס,7000.00,5932.20,1067.8,שונות,שוברי מתנה,,הדסה אבלס,,,,https://drive.google.com/drive/folders/1XteLmTcJ33bz7GKZnB2Iav8dswzznBjL,https://drive.google.com/drive/folders/1qlZnYX9sMo1XLl2zYEBdWcOmiNIWTrZs,https://mail.google.com/mail/u/0/#inbox/19c942839da38934,c+1350473165@sumit.co.il,2026-02-25T09:36:29.000Z,19c942839da38934,,,21/04/2026,high,checked,,,,,,
412368276,הייפ פתרונות תשלום בע״מ,2026-03-02,הייפ פתרונות תשלום בע״מ,460.50,390.25,70.3,הוצאות ניהול,שירות תקשורת מסוף 6436167/1 דגם mini 2T מ-01/03/26 עד 31/03/26,,,,,,https://drive.google.com/drive/folders/1Ln2UVsvq0jYNzzVImlXHh8Xb_rb4YRzm,https://drive.google.com/drive/folders/1jf-j6oY04lDZCEEkuJasAjvA2Dk2jruJ,https://mail.google.com/mail/u/0/#inbox/19cb989a889e0efc,Caspit-invoice@caspitgroup.co.il,2026-03-04T15:48:47.000Z,19cb989a889e0efc,,,21/04/2026,high,checked,,,,,,
4082,RACHELI'S,2026-03-05,RACHELI'S,1185.66,1004.80,180.9,ספקים ביגוד,קפוצון רקמה כתום כיסים חיצוני 4016 x8,,רחלי קנטור ,,,,https://drive.google.com/drive/folders/1nEcABp9AAcvJ1ROvEgYiQWukq0-dFytS,https://drive.google.com/drive/folders/1jf-j6oY04lDZCEEkuJasAjvA2Dk2jruJ,https://mail.google.com/mail/u/0/#inbox/19cbf8ea80e42140,outgoing@icount.co.il,2026-03-05T19:52:02.000Z,19cbf8ea80e42140,,,21/04/2026,high,checked,,,,,,
01/002574,ST FASHION,2026-03-08,ST FASHION,3033.00,2570.34,462.7,ספקים ביגוד,N4 x6,,,,,,https://drive.google.com/drive/folders/1XXbv9gjxROLUHv0FsLq1_t3OLpSuT7uf,https://drive.google.com/drive/folders/1jf-j6oY04lDZCEEkuJasAjvA2Dk2jruJ,https://mail.google.com/mail/u/0/#inbox/19ccf2cc650e67a9,0584483765st@gmail.com,2026-03-08T20:39:02.000Z,19ccf2cc650e67a9,,,21/04/2026,high,checked,,,,,,
6501463,בלו סטון אימפורטס בע״מ,2026-03-09,בלו סטון אימפורטס בע״מ,2584.00,2189.83,394.2,ספקים ביגוד,חולצה V-NECK TEE אפור S x1,,,,,,https://drive.google.com/drive/folders/1A9wmz2x4uR_0G1akM5Na7OjWiw3ZE2-a,https://drive.google.com/drive/folders/1jf-j6oY04lDZCEEkuJasAjvA2Dk2jruJ,https://mail.google.com/mail/u/0/#inbox/19cd2ca11184007f,ofiice@aimporters.com,2026-03-09T13:29:42.000Z,19cd2ca11184007f,,,21/04/2026,high,checked,,,,,,
267000021CR,בגדי נוחות בע״מ,2026-03-09,בגדי נוחות בע״מ,3803.00,3222.88,580.1,ספקים ביגוד,חצאית קומות דונה מקסי שחור M x1,,בתיה חי,,,,https://drive.google.com/drive/folders/1BNTgLKbxXeCyOcqgnH-jKurC3SkQ0l9w,https://drive.google.com/drive/folders/1jf-j6oY04lDZCEEkuJasAjvA2Dk2jruJ,https://mail.google.com/mail/u/0/#inbox/19cd19f7af984dd4,batya@ninarocca.co.il,2026-03-09T08:03:31.000Z,19cd19f7af984dd4,,,21/04/2026,high,checked,,,,,,
266000091SI,בגדי נוחות בע״מ,2026-03-09,בגדי נוחות בע״מ,631.89,535.50,96.4,ספקים ביגוד,חצאית קומות דונה מקסי שחור S x1,,בתיה חי,,,,https://drive.google.com/drive/folders/1r69Eju-OoLx6YJAsQN8yfE8Jyu6I72bD,https://drive.google.com/drive/folders/1jf-j6oY04lDZCEEkuJasAjvA2Dk2jruJ,https://mail.google.com/mail/u/0/#inbox/19cd18ba5a830ce6,batya@ninarocca.co.il,2026-03-09T07:41:50.000Z,19cd18ba5a830ce6,,,21/04/2026,high,checked,,,,,,
60202,מרציאנו ייבוא ושיווק כיסויי ראש,2026-03-10,מרציאנו ייבוא ושיווק כיסויי ראש,1800.00,1525.43,274.6,ספקים כיסויי ראש,מטפחת מעבר צבעים x180,,מרציאנו ייבוא ושיווק כיסויי ראש,,,,https://drive.google.com/drive/folders/19YD_R2QDt7rckznJipMTkptAS82HK1Gc,https://drive.google.com/drive/folders/1jf-j6oY04lDZCEEkuJasAjvA2Dk2jruJ,https://mail.google.com/mail/u/0/#inbox/19cd867cf2c843be,notify@morning.co,2026-03-10T15:40:06.000Z,19cd867cf2c843be,,,21/04/2026,high,checked,,,,,,
SI266000103,בגדי נוחות בע״מ,2026-03-10,בגדי נוחות בע״מ,3620.36,3068.10,552.3,ספקים ביגוד,חולצה לטינה טופ כחול לבן S x1,,בן ציון נוישטיין,,,,https://drive.google.com/drive/folders/1J9mjVvCVn8f1BuHU3YbRJyAm17hFZM_4,https://drive.google.com/drive/folders/1jf-j6oY04lDZCEEkuJasAjvA2Dk2jruJ,https://mail.google.com/mail/u/0/#inbox/19cd7bc8a0c80fa4,benzion@ninarocca.co.il,2026-03-10T12:32:54.000Z,19cd7bc8a0c80fa4,,,21/04/2026,high,checked,,,,,,
98994,וליוקארד בע״מ,2026-03-11,וליוקארד בע״מ,443.00,375.68,67.6,הוצאות ניהול,שימוש שוטף במערכת וליוקארד 03/26 x1,,"וליוקארד בע""מ",,,,https://drive.google.com/drive/folders/1gtLJVxZ3Amc6_DgZfVFOMj85DadoirZM,https://drive.google.com/drive/folders/1jf-j6oY04lDZCEEkuJasAjvA2Dk2jruJ,https://mail.google.com/mail/u/0/#inbox/19cdbd1cf12a0f0d,invoice@hclickapp.co.il,2026-03-11T07:34:44.000Z,19cdbd1cf12a0f0d,,,21/04/2026,high,checked,,,,,,
49640103,טלזר 019 שרותי תקשורת בינלאומיים בע״מ,2026-03-12,טלזר 019 שרותי תקשורת בינלאומיים בע״מ,64.90,55.00,9.9,הוצאות ניהול,מנוי 0559936829 - 10 גיגה לחודש נטפרי x1,,,,,,https://drive.google.com/drive/folders/1HlrcyWiJmp46uY5weEXvDazyvwHE7P8c,https://drive.google.com/drive/folders/1jf-j6oY04lDZCEEkuJasAjvA2Dk2jruJ,https://mail.google.com/mail/u/0/#inbox/19ce012ff1460a13,no-reply@019mobile.co.il,2026-03-12T03:24:26.000Z,19ce012ff1460a13,,,21/04/2026,high,checked,,,,,,
4093,RACHELI'S,2026-03-14,RACHELI'S,7459.49,6321.60,1137.9,ספקים ביגוד,קפוצון סרט בשרוול סמל סוס 4037 x6,,רחלי קנטור ,,,,https://drive.google.com/drive/folders/19blgqJCxGVfI0S7n7WAyNj6R46ObFpmm,https://drive.google.com/drive/folders/1jf-j6oY04lDZCEEkuJasAjvA2Dk2jruJ,https://mail.google.com/mail/u/0/#inbox/19cedc3adbf47fc0,outgoing@icount.co.il,2026-03-14T19:12:29.000Z,19cedc3adbf47fc0,,,21/04/2026,high,checked,,,,,,
01/077550,לוי שיווק,2026-03-15,לוי שיווק,569.00,482.20,86.8,הוצאות משרד,גליל ניר טרמי 80 מ״מ 40 מטר עמיד x60,,,,,,https://drive.google.com/drive/folders/1Awnn46wJNtW-SPKQRtv4Y6HHbeZCBu1g,https://drive.google.com/drive/folders/1jf-j6oY04lDZCEEkuJasAjvA2Dk2jruJ,https://mail.google.com/mail/u/0/#inbox/19d85e4be5837285,donotreply@rivhit.co.il,2026-04-13T08:10:53.000Z,19d85e4be5837285,,,21/04/2026,high,checked,,,,,,
01/077550,לוי שיווק,2026-03-15,לוי שיווק,569.00,482.20,86.8,הוצאות משרד,גליל ניר טרמי 80 מ״מ 40 מטר עמיד x60,,,,,,https://drive.google.com/drive/folders/1b0nMKb5cwY-flxIgdmYZlc82Kl2_ztJg,https://drive.google.com/drive/folders/1jf-j6oY04lDZCEEkuJasAjvA2Dk2jruJ,https://mail.google.com/mail/u/0/#inbox/19cf15b9fbea7902,donotreply@rivhit.co.il,2026-03-15T11:57:18.000Z,19cf15b9fbea7902,,,21/04/2026,high,checked,,,,,,
242728175,בזק החברה הישראלית לתקשורת בע״מ,2026-03-16,בזק החברה הישראלית לתקשורת בע״מ,32.07,27.18,4.9,הוצאות ניהול,קו טלפון 300 דקות,,בזק,,,,https://drive.google.com/drive/folders/1odqaeWWFELIAHEyqo15Bw5X7s-Ge3R51,https://drive.google.com/drive/folders/1jf-j6oY04lDZCEEkuJasAjvA2Dk2jruJ,https://mail.google.com/mail/u/0/#inbox/19d16c6771234536,bezeq_mail@bezeq.co.il,2026-03-22T18:19:56.000Z,19d16c6771234536,,,21/04/2026,high,checked,,,,,,
101431229,בזק-ג'ן בע״מ,2026-03-16,בזק-ג'ן בע״מ,168.27,142.60,25.7,הוצאות ניהול,תשלום קבוע אספקה 01/02/26-28/02/26,,בזק,,,,https://drive.google.com/drive/folders/1_-dJDRBjtWkx7Ale-w7oaZcQs65Htu1A,https://drive.google.com/drive/folders/1jf-j6oY04lDZCEEkuJasAjvA2Dk2jruJ,https://mail.google.com/mail/u/0/#inbox/19d1652355a6d642,bezeq_mail@bezeq.co.il,2026-03-22T16:12:58.000Z,19d1652355a6d642,,,21/04/2026,high,checked,,,,,,
101439533,בזק-ג'ן בע״מ,2026-03-16,בזק-ג'ן בע״מ,636.58,539.47,97.1,שונות,תשלום קבוע אספקה 01/02/26-28/02/26,,בזק,,,,https://drive.google.com/drive/folders/1kQqtUd4-S2tXuLUMQnYNg1snIptEmFU_,https://drive.google.com/drive/folders/1jf-j6oY04lDZCEEkuJasAjvA2Dk2jruJ,https://mail.google.com/mail/u/0/#inbox/19d164075a439713,bezeq_mail@bezeq.co.il,2026-03-22T15:53:35.000Z,19d164075a439713,,,21/04/2026,high,checked,,,,,,
IR2263029,ת.סייפטק טכנולוגיות בע״מ,2026-03-16,ת.סייפטק טכנולוגיות בע״מ,155.19,131.52,23.7,הוצאות ניהול,רשיון חודשי סייפטק x1,,סייפטק - סינון תכנים באינטרנט,,,,https://drive.google.com/drive/folders/1DKmsSXXrAl7h4Lx53scmzzfDxj268kJW,https://drive.google.com/drive/folders/1jf-j6oY04lDZCEEkuJasAjvA2Dk2jruJ,https://mail.google.com/mail/u/0/#inbox/19cf6f6f918bf3c0,help@safe-tec.co.il,2026-03-16T14:05:03.000Z,19cf6f6f918bf3c0,,,21/04/2026,high,checked,,,,,,
153759,טרי סטאר,2026-03-16,טרי סטאר,9694.00,8215.25,1478.8,ספקים ביגוד,כותונת נשים 2251 x144,,TRISTAR,,,,https://drive.google.com/drive/folders/18UsM7FHfkp20s1ZCCfZSRU1Dr3A4ko2g,https://drive.google.com/drive/folders/1jf-j6oY04lDZCEEkuJasAjvA2Dk2jruJ,https://mail.google.com/mail/u/0/#inbox/19cf68f9851822ca,tristar@netvision.net.il,2026-03-16T12:12:07.000Z,19cf68f9851822ca,,,21/04/2026,high,checked,,,,,,
60204,מרציאנו ייבוא ושיווק כיסויי ראש,2026-03-16,מרציאנו ייבוא ושיווק כיסויי ראש,2650.00,2245.77,404.2,ספקים כיסויי ראש,מסגרת x30,,מרציאנו ייבוא ושיווק כיסויי ראש,,,,https://drive.google.com/drive/folders/1vnDaEdH8YY35eqTx-lUN6FdrL8GB2O2g,https://drive.google.com/drive/folders/1jf-j6oY04lDZCEEkuJasAjvA2Dk2jruJ,https://mail.google.com/mail/u/0/#inbox/19cf662aa79437e7,notify@morning.co,2026-03-16T11:23:06.000Z,19cf662aa79437e7,,,21/04/2026,high,checked,,,,,,
01/002078,אסתר מוטצן,2026-03-17,אסתר מוטצן,5239.20,4440.00,799.2,ספקים ביגוד,חצאית מתרחבת x10,,,,,,https://drive.google.com/drive/folders/1CKJ5ArtgHipP04fDdV1swBoRjy-Y6x6a,https://drive.google.com/drive/folders/1jf-j6oY04lDZCEEkuJasAjvA2Dk2jruJ,https://mail.google.com/mail/u/0/#inbox/19cfbcc085d2c2b5,a0548468448@gmail.com,2026-03-17T12:36:17.000Z,19cfbcc085d2c2b5,,,21/04/2026,high,checked,,,,,,
01/002058,אסתר מוטצן,2026-03-17,אסתר מוטצן,4708.20,3990.00,718.2,ספקים ביגוד,חצאית אמזון ארוך x15,,,,,,https://drive.google.com/drive/folders/1-1j3VZ71xDwa-awESojc3fJAIJopEmuz,https://drive.google.com/drive/folders/1jf-j6oY04lDZCEEkuJasAjvA2Dk2jruJ,https://mail.google.com/mail/u/0/#inbox/19cfb79f3de15e9c,a0548468448@gmail.com,2026-03-17T11:06:37.000Z,19cfb79f3de15e9c,,,21/04/2026,high,checked,,,,,,
01/002598,ST FASHION,2026-03-17,ST FASHION,12724.00,10783.05,1941.0,ספקים ביגוד,קפוצון ברקת x5,,,,,,https://drive.google.com/drive/folders/1hLFXMFcyXQFwXX4MBldKYzWFmiiuva7X,https://drive.google.com/drive/folders/1jf-j6oY04lDZCEEkuJasAjvA2Dk2jruJ,https://mail.google.com/mail/u/0/#inbox/19cfac48e08e5de4,0584483765st@gmail.com,2026-03-17T07:48:30.000Z,19cfac48e08e5de4,,,21/04/2026,high,checked,,,,,,
5333,חיה אורדמן בע״מ,2026-03-18,חיה אורדמן בע״מ,21245.31,18004.50,3240.8,ספקים ביגוד,שמלת 2 חלקים הדפס מנומר דגם 26827DRV x11,,"חיה אורדמן בע""מ 515872802",,,,https://drive.google.com/drive/folders/1Jap02r-3j1_OfmwRQ74MYFzOCQH3fQUa,https://drive.google.com/drive/folders/1jf-j6oY04lDZCEEkuJasAjvA2Dk2jruJ,https://mail.google.com/mail/u/0/#inbox/19da9842ebfc63cc,app@invoice-maven.co.il,2026-04-20T06:11:43.000Z,19da9842ebfc63cc,,,21/04/2026,high,checked,,,,,,
OV265002918,ילו ניהול בע״מ,2026-03-18,ילו ניהול בע״מ,610.00,516.95,93.1,הוצאות ניהול,רב מכר - פנים - עמוד ימין 1 x1,,מירי בן צור,,,,https://drive.google.com/drive/folders/1Tdp_O2EsYD6V_9s-QF0ryStAwNtRPIWZ,https://drive.google.com/drive/folders/1jf-j6oY04lDZCEEkuJasAjvA2Dk2jruJ,https://mail.google.com/mail/u/0/#inbox/19d015440bd5b58d,ravtashlum@gmail.com,2026-03-18T14:23:09.000Z,19d015440bd5b58d,,,21/04/2026,high,checked,,,,,,
266000144SI,בגדי נוחות בע״מ,2026-03-18,בגדי נוחות בע״מ,11178.08,9472.95,1705.1,ספקים ביגוד,סט ליון שחור שמנת S x1,,בן ציון נוישטיין,,,,https://drive.google.com/drive/folders/1VdBAUf5a0r5lcroGpwc8kFhTkCsKNq48,https://drive.google.com/drive/folders/1jf-j6oY04lDZCEEkuJasAjvA2Dk2jruJ,https://mail.google.com/mail/u/0/#inbox/19d0144028f6d0f1,benzion@ninarocca.co.il,2026-03-18T14:05:14.000Z,19d0144028f6d0f1,,,21/04/2026,high,checked,,,,,,
4113,RACHELI'S,2026-03-18,RACHELI'S,778.80,660.00,118.8,ספקים ביגוד,חלוק כחול קשירה בצד A1004 x5,,רחלי קנטור ,,,,https://drive.google.com/drive/folders/1OwCnMPh-4Bu5GbFcr_CF46_rloLuyR2C,https://drive.google.com/drive/folders/1jf-j6oY04lDZCEEkuJasAjvA2Dk2jruJ,https://mail.google.com/mail/u/0/#inbox/19d008f4b933ab22,outgoing@icount.co.il,2026-03-18T10:48:03.000Z,19d008f4b933ab22,,,21/04/2026,high,checked,,,,,,
6501544,בלו סטון אימפורטס בע״מ,2026-03-18,בלו סטון אימפורטס בע״מ,8533.00,7231.35,1301.7,ספקים כיסויי ראש,שניל צבע אחד עם בטנה אפור x2,,,,,,https://drive.google.com/drive/folders/12lqkgVb-kyGUoLEB9E1tUVMZwDeFL2Gk,https://drive.google.com/drive/folders/1jf-j6oY04lDZCEEkuJasAjvA2Dk2jruJ,https://mail.google.com/mail/u/0/#inbox/19d003e51db5525c,ofiice@aimporters.com,2026-03-18T09:19:35.000Z,19d003e51db5525c,,,21/04/2026,high,checked,,,,,,
4112,RACHELI'S,2026-03-18,RACHELI'S,566.40,480.00,86.4,ספקים ביגוד,סט סרפן ועליונית ירוק זית ריב 2011 x8,,רחלי קנטור ,,,,https://drive.google.com/drive/folders/17YgxozU-PlZcGeGhenScYJrJJt5Zh6du,https://drive.google.com/drive/folders/1jf-j6oY04lDZCEEkuJasAjvA2Dk2jruJ,https://mail.google.com/mail/u/0/#inbox/19d0009fc42c7da7,outgoing@icount.co.il,2026-03-18T08:22:27.000Z,19d0009fc42c7da7,,,21/04/2026,high,checked,,,,,,
4110,RACHELI'S,2026-03-18,RACHELI'S,15224.83,12902.40,2322.4,ספקים ביגוד,קפוצון שחור צעיף סטאן A4017 x2,,רחלי קנטור ,,,,https://drive.google.com/drive/folders/12VRh7iLmLRWF9pNidZM57Po2kpZ6NNk2,https://drive.google.com/drive/folders/1jf-j6oY04lDZCEEkuJasAjvA2Dk2jruJ,https://mail.google.com/mail/u/0/#inbox/19cfff4a0e408a16,outgoing@icount.co.il,2026-03-18T07:59:07.000Z,19cfff4a0e408a16,,,21/04/2026,high,checked,,,,,,
266000147SI,בגדי נוחות בע״מ,2026-03-19,בגדי נוחות בע״מ,4635.63,3928.50,707.1,ספקים ביגוד,סט מלודי שחור כחול S x1,,בן ציון נוישטיין,,,,https://drive.google.com/drive/folders/1tdUint1qWKDag4IefBDWJ0P_wK8mt3r3,https://drive.google.com/drive/folders/1jf-j6oY04lDZCEEkuJasAjvA2Dk2jruJ,https://mail.google.com/mail/u/0/#inbox/19d05e64cac70782,benzion@ninarocca.co.il,2026-03-19T11:40:56.000Z,19d05e64cac70782,,,21/04/2026,high,checked,,,,,,
4125,RACHELI'S,2026-03-19,RACHELI'S,2027.24,1718.00,309.2,ספקים ביגוד,חלוק כחול קשירה בצד A1004 x6,,רחלי קנטור ,,,,https://drive.google.com/drive/folders/1NiFWFOjpodNODJG9NwTwgYtql1rFXgJK,https://drive.google.com/drive/folders/1jf-j6oY04lDZCEEkuJasAjvA2Dk2jruJ,https://mail.google.com/mail/u/0/#inbox/19d05a098799d4af,outgoing@icount.co.il,2026-03-19T10:25:03.000Z,19d05a098799d4af,,,21/04/2026,high,checked,,,,,,
36880,פיין קונטנט בע״מ,2026-03-21,פיין קונטנט בע״מ,2000.00,1694.92,305.1,שונות,פסיכוקופירייטינג - מחזור ב' נשים ללא חברותא (תשלום 3 מתוך 6) x1,,"פיין קונטנט בע""מ",,,,https://drive.google.com/drive/folders/1MQ8j4W8eUprjmAG0ppAEjmtA6Ar88Sje,https://drive.google.com/drive/folders/1jf-j6oY04lDZCEEkuJasAjvA2Dk2jruJ,https://mail.google.com/mail/u/0/#inbox/19d0ecf088c9fb8b,outgoing@out.cardcom.co.il,2026-03-21T05:12:21.000Z,19d0ecf088c9fb8b,,,21/04/2026,high,checked,,,,,,
5340,חיה אורדמן בע״מ,2026-03-22,חיה אורדמן בע״מ,1842.57,1561.50,281.1,ספקים ביגוד,קרדיגן ריב כפתור עליון דגם 26855TRP x11,,"חיה אורדמן בע""מ 515872802",,,,https://drive.google.com/drive/folders/1gjb9_gao8Ze77hKPVI5nbKR5MUx110EM,https://drive.google.com/drive/folders/1jf-j6oY04lDZCEEkuJasAjvA2Dk2jruJ,https://mail.google.com/mail/u/0/#inbox/19d15da772cb23eb,app@invoice-maven.co.il,2026-03-22T14:02:09.000Z,19d15da772cb23eb,,,21/04/2026,high,checked,,,,,,
4132,RACHELI'S,2026-03-23,RACHELI'S,3638.18,3083.20,555.0,ספקים ביגוד,חולצה V תכלת לבן B4005 x13,,רחלי קנטור ,,,,https://drive.google.com/drive/folders/1Zm4VRIYmBAUoqvmOV_kH2MxUos9KEXc4,https://drive.google.com/drive/folders/1jf-j6oY04lDZCEEkuJasAjvA2Dk2jruJ,https://mail.google.com/mail/u/0/#inbox/19d1b0a4b93cc428,outgoing@icount.co.il,2026-03-23T14:12:32.000Z,19d1b0a4b93cc428,,,21/04/2026,high,checked,,,,,,
SI266000164,בגדי נוחות בע״מ,2026-03-23,בגדי נוחות בע״מ,10968.34,9295.20,1673.1,ספקים ביגוד,חולצה לטינה טופ כחול לבן M x2,,בן ציון נוישטיין,,,,https://drive.google.com/drive/folders/1z_M0EwUXFN9nlmMwwAMb8_tU22jvlnxe,https://drive.google.com/drive/folders/1jf-j6oY04lDZCEEkuJasAjvA2Dk2jruJ,https://mail.google.com/mail/u/0/#inbox/19d1ae7b75317021,benzion@ninarocca.co.il,2026-03-23T13:34:28.000Z,19d1ae7b75317021,,,21/04/2026,high,checked,,,,,,
101480082,הכל-בו בלומנטל הרץ בע״מ,2026-03-23,הכל-בו בלומנטל הרץ בע״מ,6.30,5.34,1.0,שונות,פריט כללי x1,,הדסה אבלס,,,,https://drive.google.com/drive/folders/16h1kc14pVNkBkyo3Mq7Um5fhSxXohTEq,https://drive.google.com/drive/folders/1jf-j6oY04lDZCEEkuJasAjvA2Dk2jruJ,https://mail.google.com/mail/u/0/#inbox/19db3a2dea565cc0,h8420785@gmail.com,2026-04-22T05:21:28.000Z,19db3a2dea565cc0,,,22/04/2026,high,checked,,,,,,
265003139OV,ילו ניהול בע״מ,2026-03-24,ילו ניהול בע״מ,850.00,720.34,129.7,הוצאות ניהול,רב מכר - פנים עמוד שמאל 1 x1,,מירי בן צור,,,,https://drive.google.com/drive/folders/1jy_u-AzzMr6tcMc-OD0nK6GGalicNoJc,https://drive.google.com/drive/folders/1jf-j6oY04lDZCEEkuJasAjvA2Dk2jruJ,https://mail.google.com/mail/u/0/#inbox/19d1fd5c7c9433d6,ravtashlum@gmail.com,2026-03-24T12:33:14.000Z,19d1fd5c7c9433d6,,,21/04/2026,high,checked,,,,,,
6501608,בלו סטון אימפורטס בע״מ,2026-03-24,בלו סטון אימפורטס בע״מ,2738.00,2320.34,417.7,ספקים ביגוד,PANEL חצאית שחור משופשף S x2,,,,,,https://drive.google.com/drive/folders/1owKyVnn8cU84uVyBi1rlMxKg-0wUBhXJ,https://drive.google.com/drive/folders/1jf-j6oY04lDZCEEkuJasAjvA2Dk2jruJ,https://mail.google.com/mail/u/0/#inbox/19d1f9c5c9fedf9c,ofiice@aimporters.com,2026-03-24T11:30:32.000Z,19d1f9c5c9fedf9c,,,21/04/2026,high,checked,,,,,,
01/002614,ST FASHION,2026-03-24,ST FASHION,2647.00,2243.22,403.8,ספקים ביגוד,Z2 x6,,,,,,https://drive.google.com/drive/folders/1nWC9LNlQqHQo2CbOVf4H6nwt6CLWn6A8,https://drive.google.com/drive/folders/1jf-j6oY04lDZCEEkuJasAjvA2Dk2jruJ,https://mail.google.com/mail/u/0/#inbox/19d1f1a267a881a4,0584483765st@gmail.com,2026-03-24T09:08:19.000Z,19d1f1a267a881a4,,,21/04/2026,high,checked,,,,,,
378225,איי פקט בע״מ,2026-03-24,איי פקט בע״מ,193.52,164.00,29.5,הוצאות ניהול,מנוי חודשי ביזיבוקס לעסקים עבור עד 5 חשבונות x1,,"איי פקט בע""מ",,,,https://drive.google.com/drive/folders/10Ob9lBdhwmPrjoqK1OCU-sRjy33EZUxU,https://drive.google.com/drive/folders/1jf-j6oY04lDZCEEkuJasAjvA2Dk2jruJ,https://mail.google.com/mail/u/0/#inbox/19d1eaa42b2fb36c,outgoing@out.cardcom.co.il,2026-03-24T07:06:07.000Z,19d1eaa42b2fb36c,,,21/04/2026,high,checked,,,,,,
4142,RACHELI'S,2026-03-25,RACHELI'S,2647.92,2244.00,403.9,ספקים ביגוד,חלוק מנומר כיווץ במותן 1001 x2,,רחלי קנטור ,,,,https://drive.google.com/drive/folders/14uTkInn51jBop-g4jetWwQN9itvgmLtU,https://drive.google.com/drive/folders/1jf-j6oY04lDZCEEkuJasAjvA2Dk2jruJ,https://mail.google.com/mail/u/0/#inbox/19d26bd2de4d08de,outgoing@icount.co.il,2026-03-25T20:43:45.000Z,19d26bd2de4d08de,,,21/04/2026,high,checked,,,,,,
5702,RACHELI'S,2026-03-25,RACHELI'S,934.56,792.00,142.6,ספקים ביגוד,חלוק מנומר כיווץ במותן 1001 x4,,רחלי קנטור ,,,,https://drive.google.com/drive/folders/1p3mfuwub0Oe74EkUAj87dr9vI4L6SNxN,https://drive.google.com/drive/folders/1jf-j6oY04lDZCEEkuJasAjvA2Dk2jruJ,https://mail.google.com/mail/u/0/#inbox/19d26b200fe3808a,outgoing@icount.co.il,2026-03-25T20:31:32.000Z,19d26b200fe3808a,,,21/04/2026,high,checked,,,,,,
6580608,בלו סטון אימפורטס בע״מ,2026-03-26,בלו סטון אימפורטס בע״מ,3068.00,2600.00,468.0,ספקים ביגוד,חצאית DENIM BUTTON שחור S x1,,,,,,https://drive.google.com/drive/folders/1kO2cJEMDBtUsU1nbaakN2_IJuG99YPfq,https://drive.google.com/drive/folders/1jf-j6oY04lDZCEEkuJasAjvA2Dk2jruJ,https://mail.google.com/mail/u/0/#inbox/19d2a0558d8ae373,ofiice@aimporters.com,2026-03-26T12:00:54.000Z,19d2a0558d8ae373,,,21/04/2026,high,checked,,,,,,
6501623,בלו סטון אימפורטס בע״מ,2026-03-26,בלו סטון אימפורטס בע״מ,2466.00,2089.83,376.2,ספקים ביגוד,חצאית PANEL שחור M x2,,,,,,https://drive.google.com/drive/folders/1GAD7qVVPs-AAwAhyBugWzgtUjVy5GL3g,https://drive.google.com/drive/folders/1jf-j6oY04lDZCEEkuJasAjvA2Dk2jruJ,https://mail.google.com/mail/u/0/#inbox/19d29db3f405e746,ofiice@aimporters.com,2026-03-26T11:15:26.000Z,19d29db3f405e746,,,21/04/2026,high,checked,,,,,,
154003,טרי סטאר,2026-03-26,טרי סטאר,960.00,813.56,146.4,ספקים ביגוד,גרביים בריאות נשים 422111 x96,,TRISTAR,,,,https://drive.google.com/drive/folders/1522TuhDO1rtccIy-40Xaxgfvxc1tro_s,https://drive.google.com/drive/folders/1jf-j6oY04lDZCEEkuJasAjvA2Dk2jruJ,https://mail.google.com/mail/u/0/#inbox/19d29802787ffc8c,tristar@netvision.net.il,2026-03-26T09:35:50.000Z,19d29802787ffc8c,,,21/04/2026,high,checked,,,,,,
6501638,בלו סטון אימפורטס בע״מ,2026-03-29,בלו סטון אימפורטס בע״מ,407.00,344.92,62.1,ספקים כיסויי ראש,בנדנה ספורט זיג כחול x2,,,,,,https://drive.google.com/drive/folders/1V3IpqQQfZ6q9gObzx4Jqy6mVmTuOo0eT,https://drive.google.com/drive/folders/1jf-j6oY04lDZCEEkuJasAjvA2Dk2jruJ,https://mail.google.com/mail/u/0/#inbox/19d39434e17d6d8c,ofiice@aimporters.com,2026-03-29T11:03:24.000Z,19d39434e17d6d8c,,,21/04/2026,high,checked,,,,,,
SI266000197,בגדי נוחות בע״מ,2026-03-29,בגדי נוחות בע״מ,4617.58,3913.20,704.4,ספקים ביגוד,סט ליון שחור שמנת M x2,,בן ציון נוישטיין,,,,https://drive.google.com/drive/folders/17RI3030MeYfxh2RuHwhR_IQQUtyITnTO,https://drive.google.com/drive/folders/1jf-j6oY04lDZCEEkuJasAjvA2Dk2jruJ,https://mail.google.com/mail/u/0/#inbox/19d3930dfdff264a,benzion@ninarocca.co.il,2026-03-29T10:43:13.000Z,19d3930dfdff264a,,,21/04/2026,high,checked,,,,,,
01/002635,ST FASHION,2026-03-30,ST FASHION,10722.00,9086.44,1635.6,ספקים ביגוד,T1 x14,,,,,,https://drive.google.com/drive/folders/1u9CZMXYAW-lphwaALxep1-38iN2G54uQ,https://drive.google.com/drive/folders/1jf-j6oY04lDZCEEkuJasAjvA2Dk2jruJ,https://mail.google.com/mail/u/0/#inbox/19d3e3ad982bf851,0584483765st@gmail.com,2026-03-30T10:12:16.000Z,19d3e3ad982bf851,,,21/04/2026,high,checked,,,,,,
412388359,הייפ פתרונות תשלום בע״מ,2026-04-05,הייפ פתרונות תשלום בע״מ,500.00,423.73,76.3,הוצאות ניהול,שירות אשראית EMV מסוף 6436167 דגם 350 מ 01/04/26 עד 30/06/26,,,,,,https://drive.google.com/drive/folders/1DEyEQtUbt-mlUgrnrczsHWwUz6X5iUxg,https://drive.google.com/drive/folders/1TTyV2IWjfSbR6Bkhzpo4kgWDqPm1_T_p,https://mail.google.com/mail/u/0/#inbox/19d62aed65449bd0,Caspit-invoice@caspitgroup.co.il,2026-04-06T12:05:14.000Z,19d62aed65449bd0,,,21/04/2026,high,checked,,,,,,
IR2266849,ת.סייפטק טכנולוגיות בע״מ,2026-04-05,ת.סייפטק טכנולוגיות בע״מ,35.20,29.83,5.4,הוצאות ניהול,רשיון חודשי סייפטק x1,,סייפטק - סינון תכנים באינטרנט,,,,https://drive.google.com/drive/folders/1POTJxbNg6Z-vCp-KY-6M0TUs_EUBpWE3,https://drive.google.com/drive/folders/1TTyV2IWjfSbR6Bkhzpo4kgWDqPm1_T_p,https://mail.google.com/mail/u/0/#inbox/19d5b12a75b59379,help@safe-tec.co.il,2026-04-05T00:37:20.000Z,19d5b12a75b59379,,,21/04/2026,high,checked,,,,,,
265003383OV,ילו ניהול בע״מ,2026-04-09,ילו ניהול בע״מ,850.00,720.34,129.7,הוצאות ניהול,רב מכר - פנים - עמוד שמאל 1 x1,,מירי בן צור,,,,https://drive.google.com/drive/folders/16fj4FGUCBA8iQ5HI6EoWadcKq5qAYoOS,https://drive.google.com/drive/folders/1TTyV2IWjfSbR6Bkhzpo4kgWDqPm1_T_p,https://mail.google.com/mail/u/0/#inbox/19d72a7f77bd7282,ravtashlum@gmail.com,2026-04-09T14:31:40.000Z,19d72a7f77bd7282,,,21/04/2026,high,checked,,,,,,
1359,סניורה/ג׳וני עיצובים,2026-04-12,סניורה/ג׳וני עיצובים,3682.00,3120.00,561.7,ספקים ביגוד,קראפ פיקה מרובע x360,,נתנאל נצרתי ,,,,https://drive.google.com/drive/folders/1P70Ayg3Rvs-ykFv7T4t8bGpRk6OmWwGp,https://drive.google.com/drive/folders/1TTyV2IWjfSbR6Bkhzpo4kgWDqPm1_T_p,https://mail.google.com/mail/u/0/#inbox/19d82ca7aa1f58c3,outgoing@icount.co.il,2026-04-12T17:43:20.000Z,19d82ca7aa1f58c3,,,21/04/2026,high,checked,,,,,,
49884387,טלזר 019 שרותי תקשורת בינלאומיים בע״מ,2026-04-12,טלזר 019 שרותי תקשורת בינלאומיים בע״מ,64.90,55.00,9.9,הוצאות ניהול,מנוי 0559936829 - 10 גיגה לחודש נטפרי x1,,,,,,https://drive.google.com/drive/folders/19yBUNwE0BAaqi4Szdjgy3uT2EJOXyB07,https://drive.google.com/drive/folders/1TTyV2IWjfSbR6Bkhzpo4kgWDqPm1_T_p,https://mail.google.com/mail/u/0/#inbox/19d8033c1cb212c5,no-reply@019mobile.co.il,2026-04-12T05:39:27.000Z,19d8033c1cb212c5,,,21/04/2026,high,checked,,,,,,
99870,וליוקארד בע״מ,2026-04-15,וליוקארד בע״מ,443.00,375.82,67.7,הוצאות ניהול,שימוש שוטף במערכת וליוקארד 04/26 x1,,"וליוקארד בע""מ",,,,https://drive.google.com/drive/folders/1DxIJItTCfw8hj7ao7JStQeP2ACU9latG,https://drive.google.com/drive/folders/1TTyV2IWjfSbR6Bkhzpo4kgWDqPm1_T_p,https://mail.google.com/mail/u/0/#inbox/19d8e4afc7aa6e90,invoice@hclickapp.co.il,2026-04-14T23:19:30.000Z,19d8e4afc7aa6e90,,,21/04/2026,high,checked,,,,,,
111785,אופנת לימור,2026-04-15,אופנת לימור,3210.00,2720.34,489.7,ספקים ביגוד,חצאית ניאון חלק x12,,הדסה אבלס,,,,https://drive.google.com/drive/folders/16srY6f4uUwc7xKz8aPtW6IwIGBIb0sQd,https://drive.google.com/drive/folders/1TTyV2IWjfSbR6Bkhzpo4kgWDqPm1_T_p,https://mail.google.com/mail/u/0/#inbox/19db3a268f075beb,h8420785@gmail.com,2026-04-22T05:20:58.000Z,19db3a268f075beb,,,22/04/2026,high,checked,,,,,,
101511808,בזק-ג'ן בע״מ,2026-04-16,בזק-ג'ן בע״מ,820.36,695.22,125.1,הוצאות ניהול,תשלום קבוע אספקה 01/03/26-31/03/26,,בזק,,,,https://drive.google.com/drive/folders/12LmTQebKuq4aOdgovMaoJvSN5pKFlp19,https://drive.google.com/drive/folders/1TTyV2IWjfSbR6Bkhzpo4kgWDqPm1_T_p,https://mail.google.com/mail/u/0/#inbox/19da9a1c858ddfae,bezeq_mail@bezeq.co.il,2026-04-20T06:44:00.000Z,19da9a1c858ddfae,,,21/04/2026,high,checked,,,,,,
101502859,בזק-ג'ן בע״מ,2026-04-16,בזק-ג'ן בע״מ,549.38,465.57,83.8,הוצאות ניהול,תשלום קבוע אספקה 01/03/26-31/03/26,,בזק,,,,https://drive.google.com/drive/folders/1vAOVai4hBq3ZJ0DZPTBlsR_XZa91btKd,https://drive.google.com/drive/folders/1TTyV2IWjfSbR6Bkhzpo4kgWDqPm1_T_p,https://mail.google.com/mail/u/0/#inbox/19da6466a06a049b,bezeq_mail@bezeq.co.il,2026-04-19T15:05:24.000Z,19da6466a06a049b,,,21/04/2026,high,checked,,,,,,
243945408,בזק החברה הישראלית לתקשורת בע״מ,2026-04-16,בזק החברה הישראלית לתקשורת בע״מ,87.71,74.33,13.4,הוצאות ניהול,קו טלפון 300 דקות,,בזק,,,,https://drive.google.com/drive/folders/1eLStwk28AfCUZrrQnpHb9KDPpeOQNdp3,https://drive.google.com/drive/folders/1TTyV2IWjfSbR6Bkhzpo4kgWDqPm1_T_p,https://mail.google.com/mail/u/0/#inbox/19da5f6b2d2baaa2,bezeq_mail@bezeq.co.il,2026-04-19T13:38:20.000Z,19da5f6b2d2baaa2,,,21/04/2026,high,checked,,,,,,
IR2269376,ת.סייפטק טכנולוגיות בע״מ,2026-04-16,ת.סייפטק טכנולוגיות בע״מ,35.20,29.83,5.4,הוצאות ניהול,רשיון חודשי סייפטק x1,,סייפטק - סינון תכנים באינטרנט,,,,https://drive.google.com/drive/folders/1x3nEsM5uEw4jLqOqDqNg8K2yRJ-DEsaA,https://drive.google.com/drive/folders/1TTyV2IWjfSbR6Bkhzpo4kgWDqPm1_T_p,https://mail.google.com/mail/u/0/#inbox/19d93b5cd733e90f,help@safe-tec.co.il,2026-04-16T00:34:14.000Z,19d93b5cd733e90f,,,21/04/2026,high,checked,,,,,,
2127606,מקור,2026-04-16,מקור,233.72,198.07,35.7,שונות,גלאוקומה x1 - 12.92,,הדסה אבלס,,,,https://drive.google.com/drive/folders/1cN1mQMbbI3tDicbt8W_yLwf5lX2-cB_m,https://drive.google.com/drive/folders/1TTyV2IWjfSbR6Bkhzpo4kgWDqPm1_T_p,https://mail.google.com/mail/u/0/#inbox/19db3a434d708742,h8420785@gmail.com,2026-04-22T05:22:56.000Z,19db3a434d708742,,,22/04/2026,high,checked,,,,,,
0438,סלים כבודי - סחר,2026-04-19,סלים כבודי - סחר,3775.00,0.00,0.0,ספקים ביגוד,סלים כבודי פריטים 3775,,הדסה אבלס,,,,https://drive.google.com/drive/folders/1MuVAU4CGmAxpWux9HJGpvhaBS2iA45yf,https://drive.google.com/drive/folders/1TTyV2IWjfSbR6Bkhzpo4kgWDqPm1_T_p,https://mail.google.com/mail/u/0/#inbox/19dae99392a31f2c,h8420785@gmail.com,2026-04-21T05:52:49.000Z,19dae99392a31f2c,,,21/04/2026,medium,checked,,,,,,
5357,חיה אורדמן בע״מ,2026-04-19,חיה אורדמן בע״מ,2309.85,1957.50,352.4,ספקים ביגוד,חצאית גינס תכלת A דגם 26843SV x6,,"חיה אורדמן בע""מ 515872802",,,,https://drive.google.com/drive/folders/1CtpHqEDqqmXfKp6YfDXrTxGMP5AoDFao,https://drive.google.com/drive/folders/1TTyV2IWjfSbR6Bkhzpo4kgWDqPm1_T_p,https://mail.google.com/mail/u/0/#inbox/19da466a4532d0ca,app@invoice-maven.co.il,2026-04-19T06:21:21.000Z,19da466a4532d0ca,,,21/04/2026,high,checked,,,,,,
5356,חיה אורדמן בע״מ,2026-04-19,חיה אורדמן בע״מ,4169.41,3533.40,636.0,ספקים ביגוד,חלוק הנקה טבעת קומות שיפון דגם Y26800DNO x4,,"חיה אורדמן בע""מ 515872802",,,,https://drive.google.com/drive/folders/1CuVKQPimss-Wlr79sBnrfxniqMVOxN96,https://drive.google.com/drive/folders/1TTyV2IWjfSbR6Bkhzpo4kgWDqPm1_T_p,https://mail.google.com/mail/u/0/#inbox/19da4666eb77f36a,app@invoice-maven.co.il,2026-04-19T06:21:08.000Z,19da4666eb77f36a,,,21/04/2026,high,checked,,,,,,
5355,חיה אורדמן בע״מ,2026-04-19,חיה אורדמן בע״מ,14468.69,12261.60,2207.1,ספקים ביגוד,חלוק הנקה טבעת קומות שיפון דגם Y26800DNO x1.03,,"חיה אורדמן בע""מ 515872802",,,,https://drive.google.com/drive/folders/19Z7URnwZEd0fJTS9-1wki8xZmpuDdlEh,https://drive.google.com/drive/folders/1TTyV2IWjfSbR6Bkhzpo4kgWDqPm1_T_p,https://mail.google.com/mail/u/0/#inbox/19da4662046e1718,app@invoice-maven.co.il,2026-04-19T06:20:47.000Z,19da4662046e1718,,,21/04/2026,high,checked,,,,,,
4149,RACHELI'S,2026-04-20,RACHELI'S,4572.50,3875.00,697.5,ספקים בגדי ים,חולצה מחולקת x16,,רחלי קנטור ,,,,https://drive.google.com/drive/folders/1Ar228OdFUs98nliF6c-C6vx9BxPDzycG,https://drive.google.com/drive/folders/1TTyV2IWjfSbR6Bkhzpo4kgWDqPm1_T_p,https://mail.google.com/mail/u/0/#inbox/19dac9d44d11121e,outgoing@icount.co.il,2026-04-20T20:38:00.000Z,19dac9d44d11121e,,,21/04/2026,high,checked,,,,,,
01/001583,שייני 26 בע״מ,2026-04-20,שייני 26 בע״מ,9837.00,8336.44,1500.6,ספקים כיסויי ראש,מטפחת כותנה x370,,,,,,https://drive.google.com/drive/folders/1TQPtqlTDtbpOWqM9nrjGM85RP_KLH247,https://drive.google.com/drive/folders/1TTyV2IWjfSbR6Bkhzpo4kgWDqPm1_T_p,https://mail.google.com/mail/u/0/#inbox/19dabdf98fa21ebd,shine6243449@gmail.com,2026-04-20T17:10:49.000Z,19dabdf98fa21ebd,,,21/04/2026,high,checked,,,,,,
1889,חיה אורדמן בע״מ,2026-04-20,חיה אורדמן בע״מ,3919.96,3322.00,598.0,ספקים ביגוד,סרפן סאטן דפוס שחור לבן דגם 26826DRP x2,,"חיה אורדמן בע""מ 515872802",,,,https://drive.google.com/drive/folders/1xda6lEak4_L_PExXuWY_gTyft6lyYv-w,https://drive.google.com/drive/folders/1TTyV2IWjfSbR6Bkhzpo4kgWDqPm1_T_p,https://mail.google.com/mail/u/0/#inbox/19da98b35958b7f4,app@invoice-maven.co.il,2026-04-20T06:19:23.000Z,19da98b35958b7f4,,,21/04/2026,high,checked,,,,,,
36938,פיין קונטנט בע״מ,2026-04-21,פיין קונטנט בע״מ,2000.00,1694.92,305.1,שונות,פסיכוקופירייטינג - מחזור ב' נשים ללא חברותא (תשלום 4 מתוך 6) x1,,"פיין קונטנט בע""מ",,,,https://drive.google.com/drive/folders/1ZOpmEqUOhjSDletD0qKdPZu_-vn7CIM5,https://drive.google.com/drive/folders/1TTyV2IWjfSbR6Bkhzpo4kgWDqPm1_T_p,https://mail.google.com/mail/u/0/#inbox/19dae3e5a599439d,outgoing@out.cardcom.co.il,2026-04-21T04:13:34.000Z,19dae3e5a599439d,,,21/04/2026,high,checked,,,,,,
8162421,סגוס,2026-04-23,סגוס,5390.00,4567.80,822.2,ספקים ביגוד,פריט כללי x1,,הדסה אבלס,,,,https://drive.google.com/drive/folders/1g5QzaHmS9bbIfrvtWkKM-qortbErVFpp,https://drive.google.com/drive/folders/1TTyV2IWjfSbR6Bkhzpo4kgWDqPm1_T_p,https://mail.google.com/mail/u/0/#inbox/19dbab7afd7ca693,h8420785@gmail.com,2026-04-23T14:21:32.000Z,19dbab7afd7ca693,,,23/04/2026,high,checked,,,,,,
4157,RACHELI'S,2026-04-23,RACHELI'S,1357.00,1150.00,207.0,ספקים ביגוד,חולצת סריג קייצית כחול לבן 3001 x5,,רחלי קנטור ,,,,https://drive.google.com/drive/folders/163ppGD_qLx9flyIzDOsw67A7CZu7veoX,https://drive.google.com/drive/folders/1TTyV2IWjfSbR6Bkhzpo4kgWDqPm1_T_p,https://mail.google.com/mail/u/0/#inbox/19dbad8ca5eccba2,outgoing@icount.co.il,2026-04-23T14:57:42.000Z,19dbad8ca5eccba2,,,23/04/2026,high,checked,,,,,,
383125,איי פקט בע״מ,2026-04-24,איי פקט בע״מ,193.52,164.00,29.5,הוצאות ניהול,מנוי חודשי ביזיבוקס לעסקים עבור עד 5 חשבונות x1,,"איי פקט בע""מ",,,,https://drive.google.com/drive/folders/11SUAy4AK82REYcweQy5MnA4w9xCel_1z,https://drive.google.com/drive/folders/1TTyV2IWjfSbR6Bkhzpo4kgWDqPm1_T_p,https://mail.google.com/mail/u/0/#inbox/19dbe16a027dfe85,outgoing@out.cardcom.co.il,2026-04-24T06:04:06.000Z,19dbe16a027dfe85,,,24/04/2026,high,checked,,,,,,
4161,RACHELI'S,2026-04-26,RACHELI'S,8378.00,7100.00,1278.0,ספקים ביגוד,חלוק גלים כחול עליון סריג B1003 x5,,רחלי קנטור ,,,,https://drive.google.com/drive/folders/1TLjcusnfR8wRF-p3NIpr0fkTmiJV8aHT,https://drive.google.com/drive/folders/1TTyV2IWjfSbR6Bkhzpo4kgWDqPm1_T_p,https://mail.google.com/mail/u/0/#inbox/19dca8d60977fd72,outgoing@icount.co.il,2026-04-26T16:09:15.000Z,19dca8d60977fd72,,,27/04/2026,high,checked,,,,,,
37992,אס ג׳י ברטים בע״מ,2026-04-26,אס ג׳י ברטים בע״מ,7148.00,6057.63,1090.4,ספקים כיסויי ראש,ברט כותנה חלק מדיום x21,,,,,,https://drive.google.com/drive/folders/1XfbxZED1lzW5H4dp4uUYzVliUrCQejtX,https://drive.google.com/drive/folders/1TTyV2IWjfSbR6Bkhzpo4kgWDqPm1_T_p,https://mail.google.com/mail/u/0/#inbox/19dcee780e1e9c2b,sgbaretimeti@bezeqint.net,2026-04-27T12:26:09.000Z,19dcee780e1e9c2b,,,27/04/2026,high,checked,,,,,,
1647,כובעי זיוה,2026-04-27,כובעי זיוה,6258.72,5304.00,954.7,ספקים כיסויי ראש,בנדנה ספוג שבתי מעוצב x8,,כובעי זיוה,,,,https://drive.google.com/drive/folders/1Kw93dtwBEwUuO8Be_8xEYH7ywci4JpH3,https://drive.google.com/drive/folders/1TTyV2IWjfSbR6Bkhzpo4kgWDqPm1_T_p,https://mail.google.com/mail/u/0/#inbox/19dcdbb4da5b864b,noreply@ezcount.co.il,2026-04-27T06:58:16.000Z,19dcdbb4da5b864b,,,27/04/2026,high,checked,,,,,,
1648,כובעי זיוה,2026-04-27,כובעי זיוה,2289.20,1940.00,349.2,ספקים כיסויי ראש,לונג רשת +בטנה +טול x6,,כובעי זיוה,,,,https://drive.google.com/drive/folders/1Uk_o6uk7VBqIkq4A8Vmk1L1TMilYDn0k,https://drive.google.com/drive/folders/1TTyV2IWjfSbR6Bkhzpo4kgWDqPm1_T_p,https://mail.google.com/mail/u/0/#inbox/19dcdbce193f38b9,noreply@ezcount.co.il,2026-04-27T07:00:00.000Z,19dcdbce193f38b9,,,27/04/2026,high,checked,,,,,,
2001954,סמארט סנט בע״מ,2026-04-27,סמארט סנט בע״מ,236.00,200.00,36.0,שונות,"שירותי בישום - מסילת יוסף 2, מודיעין עלית לתקופה 04/2026 x1",,הדסה אבלס,,,,https://drive.google.com/drive/folders/1x3-aAWY-LhNax4oeiypJb-tl-0xQen9Z,https://drive.google.com/drive/folders/1TTyV2IWjfSbR6Bkhzpo4kgWDqPm1_T_p,https://mail.google.com/mail/u/0/#inbox/19dd30566f781210,h8420785@gmail.com,2026-04-28T07:37:19.000Z,19dd30566f781210,,,28/04/2026,high,checked,,,,,,
265003983OV,ילו ניהול בע״מ,2026-04-27,ילו ניהול בע״מ,900.00,762.71,137.3,ספקים ביגוד,רב מכר - פנים - עמוד שמאל x1,,מירי בן צור,,,,https://drive.google.com/drive/folders/19PciPYajE5CvlxR-s037SgKgoGhN3SwC,https://drive.google.com/drive/folders/1a-JYXOCvwNtzWzwpP3IbN-y1jwrnCJww,https://mail.google.com/mail/u/0/#inbox/19df2b7ef0952e60,ravtashlum@gmail.com,2026-05-04T11:20:30.000Z,19df2b7ef0952e60,,,07/05/2026,high,,,,,,,
40118,כובעי זיוה,2026-04-28,כובעי זיוה,2478.00,2100.00,378.0,ספקים כיסויי ראש,לונג רשת מדוגם ללוא גומיה x7,,כובעי זיוה,,,,https://drive.google.com/drive/folders/14xlZhXVJZKZmbqssNnrP89X6AubiFzc7,https://drive.google.com/drive/folders/1TTyV2IWjfSbR6Bkhzpo4kgWDqPm1_T_p,https://mail.google.com/mail/u/0/#inbox/19dd35de81cc7ea2,noreply@ezcount.co.il,2026-04-28T09:13:59.000Z,19dd35de81cc7ea2,,,28/04/2026,high,checked,,,,,,
31603,אס ג׳י ברטים בע״מ,2026-04-28,אס ג׳י ברטים בע״מ,346.00,293.22,52.8,ספקים כיסויי ראש,שניל מיקס ולורקס עם בטנה x2,,,,,,https://drive.google.com/drive/folders/1W-mYvH4ibCi1U6f1avTTcPN3zWF3AvQV,https://drive.google.com/drive/folders/1TTyV2IWjfSbR6Bkhzpo4kgWDqPm1_T_p,https://mail.google.com/mail/u/0/#inbox/19dd35592b83e3d9,sgbaretimeti@bezeqint.net,2026-04-28T09:04:53.000Z,19dd35592b83e3d9,,,28/04/2026,high,checked,,,,,,
5202,ציפי וינברג c.u.wear,2026-04-28,ציפי וינברג c.u.wear,2914.60,2470.00,444.6,ספקים ביגוד,סרפן V הדפס פרחים מטושטשים x13,,ציפי וינברג ,,,,https://drive.google.com/drive/folders/1rrCZUlyLGlhmuCfGW7iO4tSDoJN-wkqn,https://drive.google.com/drive/folders/1TTyV2IWjfSbR6Bkhzpo4kgWDqPm1_T_p,https://mail.google.com/mail/u/0/#inbox/19dd403b0447657c,outgoing@icount.co.il,2026-04-28T12:15:03.000Z,19dd403b0447657c,,,28/04/2026,high,checked,,,,,,
102273364,הכל-בו בלומנטל הרץ בע״מ,2026-04-28,הכל-בו בלומנטל הרץ בע״מ,10.50,8.90,1.6,שונות,מקדחי 4 עץ קנה משושה x1,,הדסה אבלס,,,,https://drive.google.com/drive/folders/1zVEF8Tqdd61psG40D-Uw-4CnQrLGO-ji,https://drive.google.com/drive/folders/1TTyV2IWjfSbR6Bkhzpo4kgWDqPm1_T_p,https://mail.google.com/mail/u/0/#inbox/19dde21ed489f032,h8420785@gmail.com,2026-04-30T11:24:18.000Z,19dde21ed489f032,,,30/04/2026,high,checked,,,,,,
31603,אס ג'י ברטים בע״מ,2026-04-28,אס ג'י ברטים בע״מ,-346.00,-293.22,-52.8,ספקים כיסויי ראש,שניל מיקס ולורקס עם בטנה x2,,,,,,https://drive.google.com/drive/folders/1cCnF_XvM9fxqkYVf4lpFWPOn1d_UKe3d,https://drive.google.com/drive/folders/1TTyV2IWjfSbR6Bkhzpo4kgWDqPm1_T_p,https://mail.google.com/mail/u/0/#inbox/19dfca2540cee323,sgbaretimeti@bezeqint.net,2026-05-06T09:33:09.000Z,19dfca2540cee323,,,07/05/2026,high,checked,,,,,,
01/002666,ST FASHION,2026-04-29,ST FASHION,10107.00,8565.25,1541.8,ספקים ביגוד,K6 x6,,,,,,https://drive.google.com/drive/folders/1uBJipsIwTr1I_Vpb0zJ1PcW8JmOm6qLw,https://drive.google.com/drive/folders/1TTyV2IWjfSbR6Bkhzpo4kgWDqPm1_T_p,https://mail.google.com/mail/u/0/#inbox/19dd91fb0ea02410,0584483765st@gmail.com,2026-04-29T12:03:44.000Z,19dd91fb0ea02410,,,29/04/2026,high,checked,,,,,,
01/000157,LUMIERE,2026-04-29,LUMIERE,1514.00,1283.05,231.0,ספקים ביגוד,C39 (20263041) x1,,,,,,https://drive.google.com/drive/folders/1-NqWR0plsQD7hzWiyoizQ_65isWBWRC7,https://drive.google.com/drive/folders/1TTyV2IWjfSbR6Bkhzpo4kgWDqPm1_T_p,https://mail.google.com/mail/u/0/#inbox/19dd92d64670205f,lumiere8018@gmail.com,2026-04-29T12:18:42.000Z,19dd92d64670205f,,,29/04/2026,high,checked,,,,,,
03/000781,ST FASHION,2026-04-30,ST FASHION,753.00,638.14,114.9,ספקים ביגוד,K5 x4,,,,,,https://drive.google.com/drive/folders/1qB3dFi4g7K7H1fbtLFl-LyOHWi9EIUKx,https://drive.google.com/drive/folders/1TTyV2IWjfSbR6Bkhzpo4kgWDqPm1_T_p,https://mail.google.com/mail/u/0/#inbox/19ddd8f124472c15,0584483765st@gmail.com,2026-04-30T08:43:53.000Z,19ddd8f124472c15,,,30/04/2026,high,checked,,,,,,
03/000063,LUMIERE,2026-04-30,LUMIERE,2422.00,2052.54,369.5,ספקים ביגוד,B21 x14,,,,,,https://drive.google.com/drive/folders/13XgZ6aMchDp6jhQHK9D_NzE2GiOqUFws,https://drive.google.com/drive/folders/1TTyV2IWjfSbR6Bkhzpo4kgWDqPm1_T_p,https://mail.google.com/mail/u/0/#inbox/19ddd8c53cb2107d,lumiere8018@gmail.com,2026-04-30T08:40:52.000Z,19ddd8c53cb2107d,,,30/04/2026,high,checked,,,,,,
5-34,סנטר ליין הכל לבית בע״מ,2026-04-30,סנטר ליין הכל לבית בע״מ,1160.78,983.71,177.1,ספקים שונות,5-251: 20.90,,הדסה אבלס,,,,https://drive.google.com/drive/folders/1c_GtLVjYL2CuIVJ67QueVAYlIZKenWJt,https://drive.google.com/drive/folders/1TTyV2IWjfSbR6Bkhzpo4kgWDqPm1_T_p,https://mail.google.com/mail/u/0/#inbox/19dde228cc3781e6,h8420785@gmail.com,2026-04-30T11:24:58.000Z,19dde228cc3781e6,,,30/04/2026,high,checked,,,,,,
14477088,מקס איט פיננסים בע״מ,2026-04-30,מקס איט פיננסים בע״מ,3053.48,2587.69,465.8,הוצאות ניהול,עמלת ביטול עסקה ויזה 03/04/26: 17.80,,הדסה אבלס,,,,https://drive.google.com/drive/folders/1BOtHmsQQ1MDVz9YY7G7RETyjdw3tby4z,https://drive.google.com/drive/folders/1a-JYXOCvwNtzWzwpP3IbN-y1jwrnCJww,https://mail.google.com/mail/u/0/#inbox/19df23cd948a4284,h8420785@gmail.com,2026-05-04T09:06:06.000Z,19df23cd948a4284,,,07/05/2026,high,,,,,,,
4163,RACHELI'S,2026-05-03,RACHELI'S,1327.50,1125.00,202.5,ספקים בגדי ים,בגד ים שמלה 5001 x9,,רחלי קנטור ,,,,https://drive.google.com/drive/folders/1NZchbTDewb5MgHdT8LsSIZlR1bW3z9ki,https://drive.google.com/drive/folders/1a-JYXOCvwNtzWzwpP3IbN-y1jwrnCJww,https://mail.google.com/mail/u/0/#inbox/19dea968e679ad16,outgoing@icount.co.il,2026-05-02T21:27:08.000Z,19dea968e679ad16,,,03/05/2026,high,,,,,,,
5708,RACHELI'S,2026-05-03,RACHELI'S,638.14,540.80,97.3,ספקים ביגוד,חלוק גינס זהב פתח צדדי 4035 x2,,רחלי קנטור ,,,,https://drive.google.com/drive/folders/1HDqb8jjTB3lPKo9apm8fSKW1K7JxAR7b,https://drive.google.com/drive/folders/1a-JYXOCvwNtzWzwpP3IbN-y1jwrnCJww,https://mail.google.com/mail/u/0/#inbox/19dea959d9210a9e,outgoing@icount.co.il,2026-05-02T21:26:06.000Z,19dea959d9210a9e,,,03/05/2026,high,,,,,,,
266000242SI,בגדי נוחות בע״מ,2026-05-03,בגדי נוחות בע״מ,1119.88,949.05,170.8,ספקים ביגוד,סט ליון שחור שמנת L x1,,בתיה חי,,,,https://drive.google.com/drive/folders/1uSsRO0av6Twa6GS692-BNpHnqjTBlZXY,https://drive.google.com/drive/folders/1a-JYXOCvwNtzWzwpP3IbN-y1jwrnCJww,https://mail.google.com/mail/u/0/#inbox/19dece2c371e8862,batya@ninarocca.co.il,2026-05-03T08:09:32.000Z,19dece2c371e8862,,,03/05/2026,high,,,,,,,
266000241SI,בגדי נוחות בע״מ,2026-05-03,בגדי נוחות בע״מ,13921.94,11798.25,2123.7,ספקים ביגוד,חולצה טורינו שחור חום S x1,,בן ציון נוישטיין,,,,https://drive.google.com/drive/folders/1q7QqrWNVJPTUdGiEx6XqXJpt9-p9yQx_,https://drive.google.com/drive/folders/1a-JYXOCvwNtzWzwpP3IbN-y1jwrnCJww,https://mail.google.com/mail/u/0/#inbox/19decddd14a9aa26,benzion@ninarocca.co.il,2026-05-03T08:04:07.000Z,19decddd14a9aa26,,,03/05/2026,high,,,,,,,
20262149606,סיטי קאר רכב שיתופי בע״מ,2026-05-03,סיטי קאר רכב שיתופי בע״מ,63.40,53.73,9.7,הוצאות ניהול,אי דיווח על סיום נסיעה x1,,סיטי קאר,,,,https://drive.google.com/drive/folders/1UpM0wOKmnD4BcBR4LIehh4OAGIdl0NhX,https://drive.google.com/drive/folders/1a-JYXOCvwNtzWzwpP3IbN-y1jwrnCJww,https://mail.google.com/mail/u/0/#inbox/19df15be005d580a,no-reply@citycar.co.il,2026-05-04T05:00:22.000Z,19df15be005d580a,,,07/05/2026,high,,,,,,,
3302,מ.ע.ב דרכי נועם בע״מ,2026-05-03,מ.ע.ב דרכי נועם בע״מ,1486.80,1260.00,226.8,ספקים ביגוד,חולצה דק שחור S x3,,הדסה אבלס,,,,https://drive.google.com/drive/folders/1kAECkILybBqsbAg_j6hVQHOm5Bj4jx50,https://drive.google.com/drive/folders/1a-JYXOCvwNtzWzwpP3IbN-y1jwrnCJww,https://mail.google.com/mail/u/0/#inbox/19dfc332b4f65315,h8420785@gmail.com,2026-05-06T07:31:44.000Z,19dfc332b4f65315,,,07/05/2026,high,,,,,,,
83093,סמרה,2026-05-03,סמרה,5034.00,4266.10,767.9,ספקים בגדי ים,בגד ים צנוע חצאית 48-54 x8,,,,,,https://drive.google.com/drive/folders/1fiki2oGebuIKgDqhZaqQ7eQQ1KgQPyf6,https://drive.google.com/drive/folders/1a-JYXOCvwNtzWzwpP3IbN-y1jwrnCJww,https://mail.google.com/mail/u/0/#inbox/19dfc2ffc53f1274,samarad535@gmail.com,2026-05-06T07:28:12.000Z,19dfc2ffc53f1274,,,07/05/2026,high,,,,,,,
725701,מיי קאר ישראל בע״מ,2026-05-03,מיי קאר ישראל בע״מ,35.40,30.00,5.4,שונות,הזמנה מס' 813108 קאיה פיקנטו מספר רכב 81258702 כתובת תחנה חת״ם סופר 6 מודיעין עילית,,,,,,https://drive.google.com/drive/folders/11_v7pUNvdQC_mxUX-ct8n_SRNyoakRHD,https://drive.google.com/drive/folders/1a-JYXOCvwNtzWzwpP3IbN-y1jwrnCJww,https://mail.google.com/mail/u/0/#inbox/19ded7c0cf919a1f,do-not-reply@tranzila.com,2026-05-03T10:57:02.000Z,19ded7c0cf919a1f,,,07/05/2026,high,,,,,,,
412410914,הייפ פתרונות תשלום בע״מ,2026-05-03,הייפ פתרונות תשלום בע״מ,460.50,390.25,70.3,הוצאות ניהול,שירות תקשורת מסוף 6436167/1 דגם mini 2T מ-01/05/26 עד 31/05/26 x1,,,,,,https://drive.google.com/drive/folders/1Cly-dkbTE_8v_fNFYKGs9ADO2lLPA-xS,https://drive.google.com/drive/folders/1a-JYXOCvwNtzWzwpP3IbN-y1jwrnCJww,https://mail.google.com/mail/u/0/#inbox/19df797f73106101,Caspit-invoice@caspitgroup.co.il,2026-05-05T10:03:36.000Z,19df797f73106101,,,07/05/2026,high,,,,,,,
6501698,בלו סטון אימפורטס בע״מ,2026-05-03,בלו סטון אימפורטס בע״מ,12764.00,10816.95,1947.1,ספקים כיסויי ראש,דו צדדי 26112 עלים סגור x1,,,,,,https://drive.google.com/drive/folders/1V1d8btc9fvH2IZG3iAENK9y5vpCgV9cj,https://drive.google.com/drive/folders/1a-JYXOCvwNtzWzwpP3IbN-y1jwrnCJww,https://mail.google.com/mail/u/0/#inbox/19ded2fe69d7e209,ofiice@aimporters.com,2026-05-03T09:33:52.000Z,19ded2fe69d7e209,,,08/05/2026,high,,,,,,,
20262149851,א.מ סיטי קאר רכב שיתופי בע״מ,2026-05-04,א.מ סיטי קאר רכב שיתופי בע״מ,76.00,64.41,11.6,הוצאות ניהול,שעות קטגוריה משפחתי פלוס חשמלי x3 - 63.00 ₪,,סיטי קאר,,,,https://drive.google.com/drive/folders/1fv1m-plPqTHibstHzcGZBoGRmfpHfSOm,https://drive.google.com/drive/folders/1a-JYXOCvwNtzWzwpP3IbN-y1jwrnCJww,https://mail.google.com/mail/u/0/#inbox/19df15be11ac8723,no-reply@citycar.co.il,2026-05-04T05:00:22.000Z,19df15be11ac8723,,,07/05/2026,high,,,,,,,
5393,חיה אורדמן בע״מ,2026-05-04,חיה אורדמן בע״מ,3594.87,3046.50,548.4,ספקים ביגוד,סרפן מנומר דגם 27142DRO x4,,"חיה אורדמן בע""מ 515872802",,,,https://drive.google.com/drive/folders/1QdwNf9NGLe3xtU9vv0ah5NnVV3tEH_qS,https://drive.google.com/drive/folders/1a-JYXOCvwNtzWzwpP3IbN-y1jwrnCJww,https://mail.google.com/mail/u/0/#inbox/19df2d538ba23a8d,app@invoice-maven.co.il,2026-05-04T11:52:30.000Z,19df2d538ba23a8d,,,07/05/2026,high,,,,,,,
01/002195,אסתר מוטצן,2026-05-04,אסתר מוטצן,4210.20,3567.97,642.2,ספקים ביגוד,חולצה פסים ווי x14,,,,,,https://drive.google.com/drive/folders/1EIsu2HJeuz1D2DUyDWQ94hN4_DkAfbjx,https://drive.google.com/drive/folders/1a-JYXOCvwNtzWzwpP3IbN-y1jwrnCJww,https://mail.google.com/mail/u/0/#inbox/19df21bf22f978dd,a0548468448@gmail.com,2026-05-04T08:30:09.000Z,19df21bf22f978dd,,,07/05/2026,high,,,,,,,
IR2273503,ת.סייפטק טכנולוגיות בע״מ,2026-05-05,ת.סייפטק טכנולוגיות בע״מ,35.20,29.83,5.4,הוצאות ניהול,רשיון חודשי סייפטק x1,,סייפטק - סינון תכנים באינטרנט,,,,https://drive.google.com/drive/folders/19e9e_HmshCkGwCGTKoSdEoRf5BpJacVa,https://drive.google.com/drive/folders/1a-JYXOCvwNtzWzwpP3IbN-y1jwrnCJww,https://mail.google.com/mail/u/0/#inbox/19df58b5261f3c5f,help@safe-tec.co.il,2026-05-05T00:30:40.000Z,19df58b5261f3c5f,,,07/05/2026,high,,,,,,,
378111-12,טמבור סנטר בע״מ,2026-05-06,טמבור סנטר בע״מ,89.00,75.42,13.6,ספקים שונות,כללי x1,,הדסה אבלס,,,,https://drive.google.com/drive/folders/1CEroPV8Ff7XUz6NYqiPEq88ilRvBSAnP,https://drive.google.com/drive/folders/1a-JYXOCvwNtzWzwpP3IbN-y1jwrnCJww,https://mail.google.com/mail/u/0/#inbox/19e016b105c0336e,h8420785@gmail.com,2026-05-07T07:50:53.000Z,19e016b105c0336e,,,07/05/2026,high,,,,,,,
94054024,בקי 10 יצחק,2026-05-06,בקי 10 יצחק,25.80,21.86,3.9,שונות,שקירות אשפה 90/90 - 11.90,,הדסה אבלס,,,,https://drive.google.com/drive/folders/1lrQ80FrdSZDzDumRwRNKQSRC5Fn7ZTsQ,https://drive.google.com/drive/folders/1a-JYXOCvwNtzWzwpP3IbN-y1jwrnCJww,https://mail.google.com/mail/u/0/#inbox/19dfc82d0bf568d5,h8420785@gmail.com,2026-05-06T08:58:44.000Z,19dfc82d0bf568d5,,,07/05/2026,high,,,,,,,
20261018333,א.מ סיטי קאר רכב שיתופי בע״מ,2026-05-08,א.מ סיטי קאר רכב שיתופי בע״מ,87.00,73.73,13.3,הוצאות ניהול,איחור גדול מ 10 דקות x1 - 50.00 ₪,,סיטי קאר,,,,https://drive.google.com/drive/folders/1_hupMLUsgTM2UvewHkJZDCT7QiP3KDPb,https://drive.google.com/drive/folders/1a-JYXOCvwNtzWzwpP3IbN-y1jwrnCJww,https://mail.google.com/mail/u/0/#inbox/19e05f5257e2622e,no-reply@citycar.co.il,2026-05-08T05:00:05.000Z,19e05f5257e2622e,,,08/05/2026,high,,,,,,,
0442,סלים כבודי - סחר,2026-05-10,סלים כבודי - סחר,4616.00,0.00,0.0,ספקים ביגוד,אביזרים,,הדסה אבלס,,,,https://drive.google.com/drive/folders/1hKioWbkZqfCXT8sthKhedp5FPIdQVDOr,https://drive.google.com/drive/folders/1a-JYXOCvwNtzWzwpP3IbN-y1jwrnCJww,https://mail.google.com/mail/u/0/#inbox/19e118b1bce4fd8e,h8420785@gmail.com,2026-05-10T10:59:45.000Z,19e118b1bce4fd8e,,,10/05/2026,medium,,,,,,,
267000051CR,בגדי נוחות בע״מ,2026-05-10,בגדי נוחות בע״מ,-339.00,-287.29,-51.7,ספקים ביגוד,שמלת נוחות ניקה פוקסיה XL x1,,בתיה חי,,,,https://drive.google.com/drive/folders/1pp6CP9dneo14IPPoWpYku3IIhkoxZ4N8,https://drive.google.com/drive/folders/1a-JYXOCvwNtzWzwpP3IbN-y1jwrnCJww,https://mail.google.com/mail/u/0/#inbox/19e1181b81029546,batya@ninarocca.co.il,2026-05-10T10:49:31.000Z,19e1181b81029546,,,10/05/2026,high,,,,,,,
38039,אס ג׳י ברטים בע״מ,2026-05-11,אס ג׳י ברטים בע״מ,225.00,190.68,34.3,ספקים כיסויי ראש,רשת בלגי עגול x5,,,,,,https://drive.google.com/drive/folders/1w3j_Wk2n_OgZ-NSyDB7gm3NHn1EXRBoj,https://drive.google.com/drive/folders/1a-JYXOCvwNtzWzwpP3IbN-y1jwrnCJww,https://mail.google.com/mail/u/0/#inbox/19e15d11c47bdebf,sgbaretimeti@bezeqint.net,2026-05-11T06:54:44.000Z,19e15d11c47bdebf,,,11/05/2026,high,,,,,,,
1661,כובעי זיוה,2026-05-11,כובעי זיוה,1563.50,1325.00,238.5,ספקים כיסויי ראש,בנדנה בגד ים x15,,כובעי זיוה,,,,https://drive.google.com/drive/folders/1fjKiFMfhcOzh629EpnzKC8xow5UBL2EY,https://drive.google.com/drive/folders/1a-JYXOCvwNtzWzwpP3IbN-y1jwrnCJww,https://mail.google.com/mail/u/0/#inbox/19e17375ba3bfe5b,noreply@ezcount.co.il,2026-05-11T13:26:03.000Z,19e17375ba3bfe5b,,,11/05/2026,high,,,,,,,
1660,כובעי זיוה,2026-05-11,כובעי זיוה,6200.90,5255.00,945.9,ספקים כיסויי ראש,בנדנה רשת כפול +טול x18,,כובעי זיוה,,,,https://drive.google.com/drive/folders/1wjIpWm-N5XvjMeWENENHi0UWeNqi961R,https://drive.google.com/drive/folders/1a-JYXOCvwNtzWzwpP3IbN-y1jwrnCJww,https://mail.google.com/mail/u/0/#inbox/19e17363a15eef6b,noreply@ezcount.co.il,2026-05-11T13:24:49.000Z,19e17363a15eef6b,,,11/05/2026,high,,,,,,,
20262159293,א.מ סיטי קאר רכב שיתופי בע״מ,2026-05-11,א.מ סיטי קאר רכב שיתופי בע״מ,362.40,307.12,55.3,שונות,ימים: קטגוריה מרווח x1 - 160.00 ₪,החזר חלקי,סיטי קאר,,,,https://drive.google.com/drive/folders/1J1TUbc09p9cSnk4PmvNSXnmB1kOkQYBu,https://drive.google.com/drive/folders/1a-JYXOCvwNtzWzwpP3IbN-y1jwrnCJww,https://mail.google.com/mail/u/0/#inbox/19e1a8e9c7bdeb53,no-reply@citycar.co.il,2026-05-12T05:00:06.000Z,19e1a8e9c7bdeb53,,,12/05/2026,high,,,,,,,
3317,הדס,2026-05-11,הדס,5830.13,4940.79,889.3,ספקים כיסויי ראש,פוליה כסף קבוצה x3,,דרכי נועם,,,,https://drive.google.com/drive/folders/1mEahy66kmZGSY-eY5vy1Whp0kWCpV4ER,https://drive.google.com/drive/folders/1a-JYXOCvwNtzWzwpP3IbN-y1jwrnCJww,https://mail.google.com/mail/u/0/#inbox/19e185b07f2760e2,iwiz@wizcloud.co.il,2026-05-11T18:44:38.000Z,19e185b07f2760e2,,,12/05/2026,high,,,,,,,
70130426,טלזר 019 שרותי תקשורת בינלאומיים בע״מ,2026-05-12,טלזר 019 שרותי תקשורת בינלאומיים בע״מ,64.90,55.00,9.9,הוצאות ניהול,מנוי 0559936829 - 10 גיגה לחודש נטפרי x1,,,,,,https://drive.google.com/drive/folders/1KSOnSr5QMF3xIgmEBgogIefuHmzPmxk8,https://drive.google.com/drive/folders/1a-JYXOCvwNtzWzwpP3IbN-y1jwrnCJww,https://mail.google.com/mail/u/0/#inbox/19e1ae5ebe9cc0c4,no-reply@019mobile.co.il,2026-05-12T06:35:35.000Z,19e1ae5ebe9cc0c4,,,12/05/2026,high,,,,,,,
01/002682,ST FASHION,2026-05-12,ST FASHION,2105.00,1783.90,321.1,ספקים ביגוד,קרדיגן ריב קשירה x9,,,,,,https://drive.google.com/drive/folders/1hLiNQoKUpRWf93FmIVLbqb3ONATqoi8s,https://drive.google.com/drive/folders/1a-JYXOCvwNtzWzwpP3IbN-y1jwrnCJww,https://mail.google.com/mail/u/0/#inbox/19e1bfc0e536037b,0584483765st@gmail.com,2026-05-12T11:39:23.000Z,19e1bfc0e536037b,,,12/05/2026,high,,,,,,,
01/000160,LUMIERE,2026-05-12,LUMIERE,160.00,135.59,24.4,ספקים ביגוד,C37 (20263038) x1,,,,,,https://drive.google.com/drive/folders/1E-Qtor3EACZk5zO3MbmZn13K8N2ISwoU,https://drive.google.com/drive/folders/1a-JYXOCvwNtzWzwpP3IbN-y1jwrnCJww,https://mail.google.com/mail/u/0/#inbox/19e1c093988f3bd4,lumiere8018@gmail.com,2026-05-12T11:53:45.000Z,19e1c093988f3bd4,,,12/05/2026,high,,,,,,,
266000273SI,בגדי נוחות בע״מ,2026-05-13,בגדי נוחות בע״מ,9668.98,8194.05,1474.9,ספקים ביגוד,סרפן אלה שחור לבן S x2,,בן ציון נוישטיין,,,,https://drive.google.com/drive/folders/1GZakH9PKgragR0r2QgK3HtII5T2HbT26,https://drive.google.com/drive/folders/1a-JYXOCvwNtzWzwpP3IbN-y1jwrnCJww,https://mail.google.com/mail/u/0/#inbox/19e2068223f32994,benzion@ninarocca.co.il,2026-05-13T08:15:50.000Z,19e2068223f32994,,,13/05/2026,high,,,,,,,
20262139924,א.מ סיטי קאר רכב שיתופי בע״מ,2026-04-24,א.מ סיטי קאר רכב שיתופי בע״מ,192.80,163.39,29.4,הוצאות ניהול,שעות קטגוריה קטן x4 - 60.80 ₪,החזר חלקי,סיטי קאר,,,,,https://drive.google.com/drive/folders/1TTyV2IWjfSbR6Bkhzpo4kgWDqPm1_T_p,https://mail.google.com/mail/u/0/#inbox/19dbddc174ed7439,no-reply@citycar.co.il,2026-04-24T05:00:06.000Z,19dbddc174ed7439,,,13/05/2026,high,checked,,,,,,
20262139924,א.מ סיטי קאר רכב שיתופי בע״מ,2026-04-24,א.מ סיטי קאר רכב שיתופי בע״מ,192.80,163.39,29.4,שונות,"שעות קטגוריה קטן x4 - 15.20 ₪ ליחידה, סה״כ 60.80 ₪",החזר חלקי,סיטי קאר,,,,https://drive.google.com/file/d/1KRIR6RNYXCa7ZBeoNVc-0gvoQLWkAlEL/view?usp=drivesdk,https://drive.google.com/drive/folders/1TTyV2IWjfSbR6Bkhzpo4kgWDqPm1_T_p,https://mail.google.com/mail/u/0/#inbox/19dbddc174ed7439,no-reply@citycar.co.il,2026-04-24T05:00:06.000Z,19dbddc174ed7439,,,13/05/2026,high,checked,,,,,,
20262139924,א.מ סיטי קאר רכב שיתופי בע״מ,2026-04-24,א.מ סיטי קאר רכב שיתופי בע״מ,192.80,163.39,29.4,שונות,"שעות קטגוריה קטן x4 - 15.20 ₪ ליחידה, סה״כ 60.80 ₪",החזר חלקי,סיטי קאר,,,,https://drive.google.com/file/d/1E2iiOwbgVRACskOjHu3M30JaXvJxd-v9/view?usp=drivesdk,https://drive.google.com/drive/folders/1TTyV2IWjfSbR6Bkhzpo4kgWDqPm1_T_p,https://mail.google.com/mail/u/0/#inbox/19dbddc174ed7439,no-reply@citycar.co.il,2026-04-24T05:00:06.000Z,19dbddc174ed7439,,,13/05/2026,high,checked,,,,,,
82513,סמרה,2026-02-19,סמרה,2682.00,2272.88,409.1,ספקים ביגוד,בגד ים נשים חצאית צנוע x17,,הדסה אבלס,,,,https://drive.google.com/file/d/1eW7DJqYxFRlMkO03cO3jSrX80qgokzMs/view?usp=drivesdk,https://drive.google.com/drive/folders/1a-JYXOCvwNtzWzwpP3IbN-y1jwrnCJww,https://mail.google.com/mail/u/0/#inbox/19e20a1bb12714b4,h8420785@gmail.com,2026-05-13T09:18:52.000Z,19e20a1bb12714b4,,,13/05/2026,high,,,,,,,
50274,מרציאנו ייבוא ושיווק כיסויי ראש,2026-02-16,מרציאנו ייבוא ושיווק כיסויי ראש,3857.00,3268.66,588.3,ספקים כיסויי ראש,מטפחת ערב x30,,הדסה אבלס,,,,https://drive.google.com/file/d/1jSCp4kzooTLyft3LEraxGRsNBLXZjNMW/view?usp=drivesdk,https://drive.google.com/drive/folders/1VpPg7m3udGCoHoSQR8KfEnap49qJh0d-,https://mail.google.com/mail/u/0/#inbox/19e20827acdc4795,h8420785@gmail.com,2026-05-13T08:44:44.000Z,19e20827acdc4795,,,13/05/2026,high,,,,,,,
40114,כובעי זיוה,2026-02-11,כובעי זיוה,-418.90,-355.00,-63.9,ספקים כיסויי ראש,בנדנה רשת + x5,,הדסה אבלס,,,,https://drive.google.com/file/d/1qq_29ZRabrAXFG4WbjMmaiiRDrd8fMGR/view?usp=drivesdk,https://drive.google.com/drive/folders/1VpPg7m3udGCoHoSQR8KfEnap49qJh0d-,https://mail.google.com/mail/u/0/#inbox/19e20a98939a4bbc,h8420785@gmail.com,2026-05-13T09:27:23.000Z,19e20a98939a4bbc,,,13/05/2026,high,,,,,,,
20262136832,א.מ סיטי קאר רכב שיתופי בע״מ,2026-04-21,א.מ סיטי קאר רכב שיתופי בע״מ,159.80,135.42,24.4,הוצאות ניהול,"שעות קטגוריה קטן x4 - 15.20 ₪ ליחידה, סה״כ 60.80 ₪",החזר חלקי,סיטי קאר,,,,https://drive.google.com/file/d/1kzvw6GoSQRDihLueE_LYWecytiMOsB6-/view?usp=drivesdk,https://drive.google.com/drive/folders/1TTyV2IWjfSbR6Bkhzpo4kgWDqPm1_T_p,https://mail.google.com/mail/u/0/#inbox/19db07d93c346ccc,no-reply@citycar.co.il,2026-04-21T14:41:51.000Z,19db07d93c346ccc,,,13/05/2026,high,checked,,,,,,
1607,כובעי זיוה,2026-02-11,כובעי זיוה,7990.96,6772.00,1219.0,ספקים כיסויי ראש,בנדנה ספוג מלנג קודם x5,,הדסה אבלס,,,,https://drive.google.com/file/d/1sqJMgCKSsGeBQyA78JSvuHzqOzTBJbPF/view?usp=drivesdk,https://drive.google.com/drive/folders/1VpPg7m3udGCoHoSQR8KfEnap49qJh0d-,https://mail.google.com/mail/u/0/#inbox/19e20a944676d19d,h8420785@gmail.com,2026-05-13T09:27:06.000Z,19e20a944676d19d,,,13/05/2026,high,,,,,,,
1586,כובעי זיווה,2026-01-20,כובעי זיווה,4200.80,3560.00,640.8,ספקים כיסויי ראש,קשת מעוטר x11,,הדסה אבלס,,,,https://drive.google.com/file/d/1ivxaFFFBFUvydM85O5Xm89dZGZnyx0kc/view?usp=drivesdk,https://drive.google.com/drive/folders/1VpPg7m3udGCoHoSQR8KfEnap49qJh0d-,https://mail.google.com/mail/u/0/#inbox/19e20a8fcbe99d2d,h8420785@gmail.com,2026-05-13T09:26:47.000Z,19e20a8fcbe99d2d,,,13/05/2026,high,,,,,,,
20262125894,א.מ סיטי קאר רכב שיתופי בע״מ,2026-04-13,א.מ סיטי קאר רכב שיתופי בע״מ,344.00,291.53,52.5,הוצאות ניהול,ימים: קטגוריה קטן E x1 - 110.00 ₪,החזר חלקי,סיטי קאר,,,,https://drive.google.com/file/d/1NcmLWyXkn4ZiopMYRRg0Qc0G8BJg9kyD/view?usp=drivesdk,https://drive.google.com/drive/folders/1TTyV2IWjfSbR6Bkhzpo4kgWDqPm1_T_p,https://mail.google.com/mail/u/0/#inbox/19d86e306654f445,no-reply@citycar.co.il,2026-04-13T12:48:38.000Z,19d86e306654f445,,,13/05/2026,high,checked,,,,,,
01/001506,שייני 26 בע״מ,2026-02-10,שייני 26 בע״מ,1534.00,1300.00,234.0,ספקים שונות,מטפחת כותנה x130,,הדסה אבלס,,,,https://drive.google.com/file/d/1pGnLoxJcmlIm2dcmKdiaznN0U14gVxed/view?usp=drivesdk,https://drive.google.com/drive/folders/1VpPg7m3udGCoHoSQR8KfEnap49qJh0d-,https://mail.google.com/mail/u/0/#inbox/19e20a8b9678ebf2,h8420785@gmail.com,2026-05-13T09:26:29.000Z,19e20a8b9678ebf2,,,13/05/2026,high,,,,,,,
1346,סניורה/ג׳וני עיצובים,2026-02-17,סניורה/ג׳וני עיצובים,1097.00,930.00,167.3,ספקים ביגוד,מרובעות לורקס x20,,הדסה אבלס,,,,https://drive.google.com/file/d/1VYMO6dqR_jKd20cPbVRMOsyJJqMF8Tiu/view?usp=drivesdk,https://drive.google.com/drive/folders/1VpPg7m3udGCoHoSQR8KfEnap49qJh0d-,https://mail.google.com/mail/u/0/#inbox/19e20a85c732946c,h8420785@gmail.com,2026-05-13T09:26:06.000Z,19e20a85c732946c,,,13/05/2026,high,,,,,,,
6501765,בלו סטון אימפורטס בע״מ,2026-05-13,בלו סטון אימפורטס בע״מ,569.00,482.20,86.8,ספקים ביגוד,26SS דו צדדי 26103 פריחה סגור x3,,,,,,https://drive.google.com/file/d/1VQ1Od0khChqgx5VdzqiAhHQn6cznyBiq/view?usp=drivesdk,https://drive.google.com/drive/folders/1a-JYXOCvwNtzWzwpP3IbN-y1jwrnCJww,https://mail.google.com/mail/u/0/#inbox/19e2146b098e60f9,ofiice@aimporters.com,2026-05-13T12:19:00.000Z,19e2146b098e60f9,,,13/05/2026,high,,,,,,,
1351,סניורה/ג׳וני עיצובים,2026-02-25,סניורה/ג׳וני עיצובים,4508.00,3820.00,687.7,ספקים כיסויי ראש,מרובעות כותנה עבה הזמנה x210,,הדסה אבלס,,,,https://drive.google.com/file/d/1LzlFeHioR7B1aw2n9QYG2nfZ0PXvFn8i/view?usp=drivesdk,https://drive.google.com/drive/folders/1VpPg7m3udGCoHoSQR8KfEnap49qJh0d-,https://mail.google.com/mail/u/0/#inbox/19e20a819178b9e7,h8420785@gmail.com,2026-05-13T09:25:49.000Z,19e20a819178b9e7,,,13/05/2026,high,,,,,,,
6606,פלטינום,2025-07-24,פלטינום,624.00,0.00,0.0,ספקים שונות,ניקוי,,הדסה אבלס,,,,https://drive.google.com/file/d/1pztO0za3HUFdEENDcvHhqS-eZnBqp109/view?usp=drivesdk,https://drive.google.com/drive/folders/1VpPg7m3udGCoHoSQR8KfEnap49qJh0d-,https://mail.google.com/mail/u/0/#inbox/19e2631424b09599,h8420785@gmail.com,2026-05-14T11:13:42.000Z,19e2631424b09599,,,14/05/2026,low,,,,,,,
01/002690,ST FASHION,2026-05-14,ST FASHION,2431.00,2060.17,370.8,ספקים ביגוד,K10 (20260067) x9,,,,,,https://drive.google.com/file/d/1rn-GQt8BAoie-UXc339vJDz3z2H0g8yk/view?usp=drivesdk,https://drive.google.com/drive/folders/1a-JYXOCvwNtzWzwpP3IbN-y1jwrnCJww,https://mail.google.com/mail/u/0/#inbox/19e26305f4d3b54b,0584483765st@gmail.com,2026-05-14T11:12:43.000Z,19e26305f4d3b54b,,,14/05/2026,high,,,,,,,
01/001620,שייני 26 בע״מ,2026-05-14,שייני 26 בע״מ,1056.00,894.92,161.1,ספקים ביגוד,ריקמה x40,,,,,,https://drive.google.com/file/d/1ad5e5X7JnFdOYQDfc3MXqz1koU8iAJRY/view?usp=drivesdk,https://drive.google.com/drive/folders/1a-JYXOCvwNtzWzwpP3IbN-y1jwrnCJww,https://mail.google.com/mail/u/0/#inbox/19e265dd305c4cf8,shine6243449@gmail.com,2026-05-14T12:02:20.000Z,19e265dd305c4cf8,,,14/05/2026,high,,,,,,,
03/000206,שייני 26 בע״מ,2026-05-14,שייני 26 בע״מ,-408.00,-345.76,-62.2,ספקים ביגוד,כותנה x15,,,,,,https://drive.google.com/file/d/1O_v668Qki-Qy0AFKb4KPOj5k9jRLMy2X/view?usp=drivesdk,https://drive.google.com/drive/folders/1a-JYXOCvwNtzWzwpP3IbN-y1jwrnCJww,https://mail.google.com/mail/u/0/#inbox/19e2628181fe545a,shine6243449@gmail.com,2026-05-14T11:03:41.000Z,19e2628181fe545a,,,14/05/2026,high,,,,,,,
76336,א.ק. אריזון בע״מ,2026-05-14,א.ק. אריזון בע״מ,597.00,0.00,0.0,ספקים שונות,100 קלמה בגווני א 1,,הדסה אבלס,,,,https://drive.google.com/file/d/19Nk0NVehhflVfQ5T8MIS-Vi_kmcQDb0u/view?usp=drivesdk,https://drive.google.com/drive/folders/1a-JYXOCvwNtzWzwpP3IbN-y1jwrnCJww,https://mail.google.com/mail/u/0/#inbox/19e26ab908d9811b,h8420785@gmail.com,2026-05-14T13:27:17.000Z,19e26ab908d9811b,,,14/05/2026,low,,,,,,,
8163896,סגוס,2026-05-14,סגוס,7575.00,6419.49,1155.5,ספקים ביגוד,פריט כללי x1,,הדסה אבלס,,,,https://drive.google.com/file/d/1RnOPd9spHwIVkicbI9GzFHJNYbBm796c/view?usp=drivesdk,https://drive.google.com/drive/folders/1a-JYXOCvwNtzWzwpP3IbN-y1jwrnCJww,https://mail.google.com/mail/u/0/#inbox/19e26daad53898ae,h8420785@gmail.com,2026-05-14T14:18:45.000Z,19e26daad53898ae,,,14/05/2026,high,,,,,,,
72300,כארד שופ בע״מ,2026-05-14,כארד שופ בע״מ,107.44,91.05,16.4,הוצאות ניהול,עמלת שירותים חודש 04.2026 x1,,כארד שופ בע״מ,,,,https://drive.google.com/file/d/1YTmEbzeMCKD2cuTZYav3qAAyzrd5m8N9/view?usp=drivesdk,https://drive.google.com/drive/folders/1a-JYXOCvwNtzWzwpP3IbN-y1jwrnCJww,https://mail.google.com/mail/u/0/#inbox/19e26de60c2db168,notify@morning.co,2026-05-14T14:22:48.000Z,19e26de60c2db168,,,14/05/2026,high,,,,,,,
01/001619,שייני 26 בע״מ,2026-05-14,שייני 26 בע״מ,10107.00,8565.25,1541.8,ספקים כיסויי ראש,משי x162,,,,,,https://drive.google.com/file/d/1YD32Z4Ypju3pM1XIBI5f3TNPNv_l5ijM/view?usp=drivesdk,https://drive.google.com/drive/folders/1a-JYXOCvwNtzWzwpP3IbN-y1jwrnCJww,https://mail.google.com/mail/u/0/#inbox/19e262134b999fbc,shine6243449@gmail.com,2026-05-14T10:56:09.000Z,19e262134b999fbc,,,14/05/2026,high,,,,,,,
3344,מ.ע.ב דרכי נועם בע״מ,2026-05-14,מ.ע.ב דרכי נועם בע״מ,1780.03,1508.50,271.5,ספקים כיסויי ראש,בנדנה שבת עם ביטנה-רגיל x5,,הדסה אבלס,,,,https://drive.google.com/file/d/1_UVHCECe6kYlu95A7Yok9euPVxrACVAY/view?usp=drivesdk,https://drive.google.com/drive/folders/1a-JYXOCvwNtzWzwpP3IbN-y1jwrnCJww,https://mail.google.com/mail/u/0/#inbox/19e2718e3627cea8,h8420785@gmail.com,2026-05-14T15:26:43.000Z,19e2718e3627cea8,,,14/05/2026,high,,,,,,,
34848,סופר ומונה בע״מ,2026-05-14,סופר ומונה בע״מ,590.00,500.00,90.0,הוצאות ניהול,שכר טרחה לחודש 4 x1,,הדסה אבלס,,,,https://drive.google.com/file/d/1LdFcIQxD4AC8TItzc3YMOSS8IWiTSPZH/view?usp=drivesdk,https://drive.google.com/drive/folders/1a-JYXOCvwNtzWzwpP3IbN-y1jwrnCJww,https://mail.google.com/mail/u/0/#inbox/19e27168829d9c28,h8420785@gmail.com,2026-05-14T15:24:09.000Z,19e27168829d9c28,,,14/05/2026,high,,,,,,,
1861,א. זאדה,2025-12-25,א. זאדה,390.00,0.00,0.0,ספקים שונות,מכנס - 390,,הדסה אבלס,,,,https://drive.google.com/file/d/170p95Uuccg3Z37uXEeBJ4-pTkK_klrb-/view?usp=drivesdk,https://drive.google.com/drive/folders/1VpPg7m3udGCoHoSQR8KfEnap49qJh0d-,https://mail.google.com/mail/u/0/#inbox/19e275b50db7a3f7,h8420785@gmail.com,2026-05-14T16:39:16.000Z,19e275b50db7a3f7,,,14/05/2026,medium,,,,,,,
8063,מוטי-טקס,2026-05-10,מוטי-טקס,3340.00,0.00,0.0,ספקים ביגוד,ג׳י נס,,הדסה אבלס,,,,https://drive.google.com/file/d/1IrBGk2y3CXchhAdQ3p_nrXSzka7GzjDK/view?usp=drivesdk,https://drive.google.com/drive/folders/1a-JYXOCvwNtzWzwpP3IbN-y1jwrnCJww,https://mail.google.com/mail/u/0/#inbox/19e275a77a802819,h8420785@gmail.com,2026-05-14T16:38:20.000Z,19e275a77a802819,,,14/05/2026,medium,,,,,,,
29606,כובעי ״פאני״,2026-05-14,כובעי ״פאני״,1665.00,0.00,0.0,ספקים כיסויי ראש ומטפחות,46126 x36 במחיר 15 = 540,,הדסה אבלס,,,,https://drive.google.com/file/d/1-3b1r89B2-0xgIWQe0YUeo3AnGcFDpZO/view?usp=drivesdk,https://drive.google.com/drive/folders/1a-JYXOCvwNtzWzwpP3IbN-y1jwrnCJww,https://mail.google.com/mail/u/0/#inbox/19e2620c4d51c832,h8420785@gmail.com,2026-05-14T10:55:41.000Z,19e2620c4d51c832,,,14/05/2026,medium,,,,,,,
5856,אופנת הלו בייבי - מרקו ארזי,2024-05-13,אופנת הלו בייבי - מרקו ארזי,3820.00,3329.00,491.0,ספקים ביגוד,"חולצות שרוולות x10 - יח' 110, סה""כ 1100",,הדסה אבלס,,,,https://drive.google.com/file/d/1WxKleZ3haXWjaERJ6hJRoMnUlQ9aRVsi/view?usp=drivesdk,https://drive.google.com/drive/folders/1VpPg7m3udGCoHoSQR8KfEnap49qJh0d-,https://mail.google.com/mail/u/0/#inbox/19e261deddcee5e5,h8420785@gmail.com,2026-05-14T10:52:35.000Z,19e261deddcee5e5,,,14/05/2026,medium,,,,,,,
8111143,לאטי אריזות,2026-05-14,לאטי אריזות,417.00,353.39,63.6,ספקים שונות,פריט כללי x1,,הדסה אבלס,,,,https://drive.google.com/file/d/1Mm_0NDb39jmkZxfH-XFzvEyNUduhU0mo/view?usp=drivesdk,https://drive.google.com/drive/folders/1a-JYXOCvwNtzWzwpP3IbN-y1jwrnCJww,https://mail.google.com/mail/u/0/#inbox/19e261d5651c392f,h8420785@gmail.com,2026-05-14T10:51:56.000Z,19e261d5651c392f,,,14/05/2026,high,,,,,,,
20262163491,א.מ סיטי קאר רכב שיתופי בע״מ,2026-05-14,א.מ סיטי קאר רכב שיתופי בע״מ,203.00,172.03,31.0,הוצאות ניהול,ימים: קטגוריה קטן E x1 - 110.00 ₪,החזר חלקי,סיטי קאר,,,,https://drive.google.com/file/d/1JlyydcnInbiIJ35Ghge1K9iRPW3A157X/view?usp=drivesdk,https://drive.google.com/drive/folders/1a-JYXOCvwNtzWzwpP3IbN-y1jwrnCJww,https://mail.google.com/mail/u/0/#inbox/19e2a02d495de1b1,no-reply@citycar.co.il,2026-05-15T05:01:16.000Z,19e2a02d495de1b1,,,15/05/2026,high,,,,,,,
4171,RACHELI'S,2026-05-16,RACHELI'S,6884.59,5834.40,1050.2,ספקים ביגוד,חלוק מנומר כיווץ במותן 1001 x4,,רחלי קנטור ,,,,https://drive.google.com/file/d/1yMO5qaKLrqVepi0E0p2_0T7Ff7-8zzbh/view?usp=drivesdk,https://drive.google.com/drive/folders/1a-JYXOCvwNtzWzwpP3IbN-y1jwrnCJww,https://mail.google.com/mail/u/0/#inbox/19e319ce43da3a3b,outgoing@icount.co.il,2026-05-16T16:27:05.000Z,19e319ce43da3a3b,,,16/05/2026,high,,,,,,,
01/030015,סיגנון אביזרים מעוצבים בע״מ,2026-05-14,סיגנון אביזרים מעוצבים בע״מ,590.00,500.00,90.0,ספקים שונות,מטפחות x30,,הדסה אבלס,,,,https://drive.google.com/file/d/1CNSrWBSSZyhL4U3l1ya98ZvtKQE4eRMA/view?usp=drivesdk,https://drive.google.com/drive/folders/1a-JYXOCvwNtzWzwpP3IbN-y1jwrnCJww,https://mail.google.com/mail/u/0/#inbox/19e32a5fd5cf4705,h8420785@gmail.com,2026-05-16T21:15:50.000Z,19e32a5fd5cf4705,,,17/05/2026,high,,,,,,,
102155,אופנת לימור,2026-05-14,אופנת לימור,-1145.00,-970.34,-174.7,ספקים ביגוד,חצאית ניאון פועמון מלא x6,,הדסה אבלס,,,,https://drive.google.com/file/d/1kW4p7xPbtCxqKKpQZKTpaTlGWxL4L3VD/view?usp=drivesdk,https://drive.google.com/drive/folders/1a-JYXOCvwNtzWzwpP3IbN-y1jwrnCJww,https://mail.google.com/mail/u/0/#inbox/19e32b14d150f310,h8420785@gmail.com,2026-05-16T21:29:00.000Z,19e32b14d150f310,,,17/05/2026,high,,,,,,,
111829,אופנת לימור,2026-05-14,אופנת לימור,1451.00,1229.66,221.3,ספקים ביגוד,חצאית ניאון פעמון x6,,הדסה אבלס,,,,https://drive.google.com/file/d/1gUJTsxbORImP29A8sfsq2doKi8W_uVw8/view?usp=drivesdk,https://drive.google.com/drive/folders/1a-JYXOCvwNtzWzwpP3IbN-y1jwrnCJww,https://mail.google.com/mail/u/0/#inbox/19e32af35d2a80d2,h8420785@gmail.com,2026-05-16T21:26:43.000Z,19e32af35d2a80d2,,,17/05/2026,high,,,,,,,
IR2275998,ת.סייפטק טכנולוגיות בע״מ,2026-05-17,ת.סייפטק טכנולוגיות בע״מ,35.20,29.83,5.4,הוצאות ניהול,רשיון חודשי סייפטק x1,,סייפטק - סינון תכנים באינטרנט,,,,https://drive.google.com/file/d/1M_1QrF0sTK-eOmm8AY9wD7Tg1Jnuh2_6/view?usp=drivesdk,https://drive.google.com/drive/folders/1a-JYXOCvwNtzWzwpP3IbN-y1jwrnCJww,https://mail.google.com/mail/u/0/#inbox/19e335bcff61518c,help@safe-tec.co.il,2026-05-17T00:35:12.000Z,19e335bcff61518c,,,17/05/2026,high,,,,,,,
5856,אופנת הלו בייבי,2025-01-15,אופנת הלו בייבי,3820.00,3329.00,491.0,ספקים ביגוד,סמארי שלרוחר x10,,הדסה אבלס,,,,https://drive.google.com/file/d/1WxKleZ3haXWjaERJ6hJRoMnUlQ9aRVsi/view?usp=drivesdk,https://drive.google.com/drive/folders/1a-JYXOCvwNtzWzwpP3IbN-y1jwrnCJww,https://mail.google.com/mail/u/0/#inbox/19e34d16302432ff,h8420785@gmail.com,2026-05-17T07:23:17.000Z,19e34d16302432ff,,,17/05/2026,low,,,,,,,https://n8n.srv1394811.hstgr.cloud/workflow/49zR0Hk51NjHNw5E/executions/2515
731834,מיי קאר ישראל בע״מ,2026-05-17,מיי קאר ישראל בע״מ,33.30,28.22,5.1,שונות,"הזמנה מס' 819754 - BYD ATTO 3, מספר רכב 36733403, תחנת מסילת יוסף 9 מודיעין עילית",החזר חלקי,,,,,https://drive.google.com/file/d/1PB4jr_4rZYZABfJh_Wk9QR8AZIgS6XBq/view?usp=drivesdk,https://drive.google.com/drive/folders/1a-JYXOCvwNtzWzwpP3IbN-y1jwrnCJww,https://mail.google.com/mail/u/0/#inbox/19e35ad4a2b1bda3,do-not-reply@tranzila.com,2026-05-17T11:23:28.000Z,19e35ad4a2b1bda3,,,17/05/2026,high,,,,,,,https://n8n.srv1394811.hstgr.cloud/workflow/49zR0Hk51NjHNw5E/executions/2524
8116,,2026-05-14,c.u.wear,9606.97,8141.50,1465.5,ספקים ביגוד,חולצה הדפס פייזלי x12,,הדסה אבלס,,,,https://drive.google.com/file/d/1AKlmlyzPi2xnTMPAdb6NnQne3DjIT8nH/view?usp=drivesdk,https://drive.google.com/drive/folders/1a-JYXOCvwNtzWzwpP3IbN-y1jwrnCJww,https://mail.google.com/mail/u/0/#inbox/19e379c124fc5c4a,h8420785@gmail.com,2026-05-17T20:23:55.000Z,19e379c124fc5c4a,,,17/05/2026,high,,,,,,,https://n8n.srv1394811.hstgr.cloud/workflow/49zR0Hk51NjHNw5E/executions/2550
5400,חיה אורדמן בע״מ,2026-05-17,חיה אורדמן בע״מ,6903.00,5850.00,1053.0,ספקים ביגוד,סרפן נקודות שחור לבן דגם 26126DP x8,,"חיה אורדמן בע""מ 515872802",,,,https://drive.google.com/file/d/1RrvE8UXhWHpnjSyZPS7buIsnjysp0rEX/view?usp=drivesdk,https://drive.google.com/drive/folders/1a-JYXOCvwNtzWzwpP3IbN-y1jwrnCJww,https://mail.google.com/mail/u/0/#inbox/19e3ab67c74fd62a,app@invoice-maven.co.il,2026-05-18T10:51:36.000Z,19e3ab67c74fd62a,,,18/05/2026,high,,,,,,,https://n8n.srv1394811.hstgr.cloud/workflow/49zR0Hk51NjHNw5E/executions/2594
5407,חיה אורדמן בע״מ,2026-05-18,חיה אורדמן בע״מ,4078.08,3456.00,622.1,ספקים ביגוד,חולצת הנקה קפושון פסים דגם 615S26TNO x7,,"חיה אורדמן בע""מ 515872802",,,,https://drive.google.com/file/d/1026UrVm8EEQjOsz243HBhkYg5EYfqKET/view?usp=drivesdk,https://drive.google.com/drive/folders/1a-JYXOCvwNtzWzwpP3IbN-y1jwrnCJww,https://mail.google.com/mail/u/0/#inbox/19e3af0839b543e8,app@invoice-maven.co.il,2026-05-18T11:54:59.000Z,19e3af0839b543e8,,,18/05/2026,high,,,,,,,https://n8n.srv1394811.hstgr.cloud/workflow/49zR0Hk51NjHNw5E/executions/2597
168923,פוס מונליין מחשבים (1981) בע״מ,2026-05-18,פוס מונליין מחשבים (1981) בע״מ,50.00,42.37,7.6,הוצאות משרד,הדסה אנגלס x1 - 50.00,,הדסה אבלס,,,,https://drive.google.com/file/d/1PYMQt7Xw5BNyQVK1f00bZljoM3FJmklo/view?usp=drivesdk,https://drive.google.com/drive/folders/1a-JYXOCvwNtzWzwpP3IbN-y1jwrnCJww,https://mail.google.com/mail/u/0/#inbox/19e3bbaf08ec1557,h8420785@gmail.com,2026-05-18T15:36:06.000Z,19e3bbaf08ec1557,,,18/05/2026,medium,,,,,,,https://n8n.srv1394811.hstgr.cloud/workflow/49zR0Hk51NjHNw5E/executions/2607
101682569,בזק-ג׳ן בע״מ,2026-05-17,בזק-ג׳ן בע״מ,611.20,517.97,93.2,שונות,תשלום קבוע אספקה 01/04/26-30/04/26,,בזק,,,,https://drive.google.com/file/d/1zXr94L_005fUbV7XxqgLRA7bYP3BWewu/view?usp=drivesdk,https://drive.google.com/drive/folders/1a-JYXOCvwNtzWzwpP3IbN-y1jwrnCJww,https://mail.google.com/mail/u/0/#inbox/19e3bedfb95b9a08,bezeq_mail@bezeq.co.il,2026-05-18T16:31:51.000Z,19e3bedfb95b9a08,,,18/05/2026,high,,,,,,,https://n8n.srv1394811.hstgr.cloud/workflow/49zR0Hk51NjHNw5E/executions/2610
20063,pleasures,2026-05-18,pleasures,9000.00,7627.12,1372.9,ספקים ביגוד,חלוקים וחולצות הנקה x30,,pleasure,,,,https://drive.google.com/file/d/1kNOz2Pte7B5gHqgmWgnk1AK4UdGf_0KK/view?usp=drivesdk,https://drive.google.com/drive/folders/1a-JYXOCvwNtzWzwpP3IbN-y1jwrnCJww,https://mail.google.com/mail/u/0/#inbox/19e3ba4c285d0e8e,c+153828633@sumit.co.il,2026-05-18T15:11:53.000Z,19e3ba4c285d0e8e,,,19/05/2026,high,,,,,,,https://n8n.srv1394811.hstgr.cloud/workflow/49zR0Hk51NjHNw5E/executions/2646
245220904,בזק החברה הישראלית לתקשורת בע״מ,2026-05-17,בזק החברה הישראלית לתקשורת בע״מ,101.07,85.65,15.4,הוצאות ניהול,קו טלפון 300 דקות,,בזק,,,,https://drive.google.com/file/d/1xk-VMPjswfRAbmEqY5yMV_kXeu4XB-Nq/view?usp=drivesdk,https://drive.google.com/drive/folders/1a-JYXOCvwNtzWzwpP3IbN-y1jwrnCJww,https://mail.google.com/mail/u/0/#inbox/19e3ec0226edda9a,bezeq_mail@bezeq.co.il,2026-05-19T05:40:37.000Z,19e3ec0226edda9a,,,19/05/2026,high,,,,,,,https://n8n.srv1394811.hstgr.cloud/workflow/49zR0Hk51NjHNw5E/executions/2651
16002143,מגנוליה סילבר ג'ואלרי בע״מ,2026-05-18,מגנוליה סילבר ג'ואלרי בע״מ,1500.00,0.00,0.0,שונות,שובר קנייה מספר 402136162 - 150.00,,הדסה אבלס,,,,https://drive.google.com/file/d/1GCueRfCCLbJSuGc7yO5v8mMrK8RpywQj/view?usp=drivesdk,https://drive.google.com/drive/folders/1a-JYXOCvwNtzWzwpP3IbN-y1jwrnCJww,https://mail.google.com/mail/u/0/#inbox/19e3f980e16ecd85,h8420785@gmail.com,2026-05-19T09:36:29.000Z,19e3f980e16ecd85,,,19/05/2026,medium,,,,,,,https://n8n.srv1394811.hstgr.cloud/workflow/49zR0Hk51NjHNw5E/executions/2661
8144834,א.מ. פרחים בע״מ,2026-05-14,א.מ. פרחים בע״מ,550.00,466.10,83.9,שונות,פרים כללי x1 - 550.00,,הדסה אבלס,,,,https://drive.google.com/file/d/1vjrjY06bBwfTpQwOjlQ0DpYPbKUkNjQ-/view?usp=drivesdk,https://drive.google.com/drive/folders/1a-JYXOCvwNtzWzwpP3IbN-y1jwrnCJww,https://mail.google.com/mail/u/0/#inbox/19e3f9686e26af0f,h8420785@gmail.com,2026-05-19T09:34:49.000Z,19e3f9686e26af0f,,,19/05/2026,medium,,,,,,,https://n8n.srv1394811.hstgr.cloud/workflow/49zR0Hk51NjHNw5E/executions/2663
111829,אופנת לימור,2026-05-14,אופנת לימור,1451.00,1229.66,221.3,ספקים ביגוד,חצאית ניאון פעמון x6,,הדסה אבלס,,,,https://drive.google.com/file/d/1fuP3A2dSEgWJnLaKtXYxLlnAHImgU8cb/view?usp=drivesdk,https://drive.google.com/drive/folders/1a-JYXOCvwNtzWzwpP3IbN-y1jwrnCJww,https://mail.google.com/mail/u/0/#inbox/19e421398d68d1cb,h8420785@gmail.com,2026-05-19T21:10:40.000Z,19e421398d68d1cb,,,20/05/2026,high,,,,,,,https://n8n.srv1394811.hstgr.cloud/workflow/49zR0Hk51NjHNw5E/executions/2696
111829,אופנת לימור,2026-05-14,אופנת לימור,1451.00,1229.66,221.3,ספקים ביגוד,חצאית ניאון פעמון x6,,הדסה אבלס,,,,https://drive.google.com/file/d/1gUJTsxbORImP29A8sfsq2doKi8W_uVw8/view?usp=drivesdk,https://drive.google.com/drive/folders/1a-JYXOCvwNtzWzwpP3IbN-y1jwrnCJww,https://mail.google.com/mail/u/0/#inbox/19e421398d68d1cb,h8420785@gmail.com,2026-05-19T21:10:40.000Z,19e421398d68d1cb,,,20/05/2026,high,,,,,,,https://n8n.srv1394811.hstgr.cloud/workflow/49zR0Hk51NjHNw5E/executions/2696
01/030015,סיגנון אביזרים מעוצבים בע״מ,2026-05-14,סיגנון אביזרים מעוצבים בע״מ,590.00,500.00,90.0,ספקים כיסויי ראש ומטפחות,מטפחות x30 - 10 ליחידה,,הדסה אבלס,,,,https://drive.google.com/file/d/1nu-SaatiqtVSpC0CoSPrE4l1Ih-v2hyN/view?usp=drivesdk,https://drive.google.com/drive/folders/1a-JYXOCvwNtzWzwpP3IbN-y1jwrnCJww,https://mail.google.com/mail/u/0/#inbox/19e4213835c759b4,h8420785@gmail.com,2026-05-19T21:10:34.000Z,19e4213835c759b4,,,20/05/2026,high,,,,,,,https://n8n.srv1394811.hstgr.cloud/workflow/49zR0Hk51NjHNw5E/executions/2697
01/030015,סיגנון אביזרים מעוצבים בע״מ,2026-05-14,סיגנון אביזרים מעוצבים בע״מ,590.00,500.00,90.0,ספקים כיסויי ראש ומטפחות,מטפחות x30 - 10 ליחידה,,הדסה אבלס,,,,https://drive.google.com/file/d/1CNSrWBSSZyhL4U3l1ya98ZvtKQE4eRMA/view?usp=drivesdk,https://drive.google.com/drive/folders/1a-JYXOCvwNtzWzwpP3IbN-y1jwrnCJww,https://mail.google.com/mail/u/0/#inbox/19e4213835c759b4,h8420785@gmail.com,2026-05-19T21:10:34.000Z,19e4213835c759b4,,,20/05/2026,high,,,,,,,https://n8n.srv1394811.hstgr.cloud/workflow/49zR0Hk51NjHNw5E/executions/2697
8116,c.u.wear,2026-05-14,c.u.wear,9606.97,8141.50,1465.5,ספקים ביגוד,חולצה הדפס פייזלי x12,,הדסה אבלס,,,,https://drive.google.com/file/d/1wyUU7cmE0puTthPP1TPMye6Ou_fQogas/view?usp=drivesdk,https://drive.google.com/drive/folders/1a-JYXOCvwNtzWzwpP3IbN-y1jwrnCJww,https://mail.google.com/mail/u/0/#inbox/19e42137762ba3bc,h8420785@gmail.com,2026-05-19T21:10:30.000Z,19e42137762ba3bc,,,20/05/2026,high,,,,,,,https://n8n.srv1394811.hstgr.cloud/workflow/49zR0Hk51NjHNw5E/executions/2700
8116,c.u.wear,2026-05-14,c.u.wear,9606.97,8141.50,1465.5,ספקים ביגוד,חולצה הדפס פייזלי x12,,הדסה אבלס,,,,https://drive.google.com/file/d/1AKlmlyzPi2xnTMPAdb6NnQne3DjIT8nH/view?usp=drivesdk,https://drive.google.com/drive/folders/1a-JYXOCvwNtzWzwpP3IbN-y1jwrnCJww,https://mail.google.com/mail/u/0/#inbox/19e42137762ba3bc,h8420785@gmail.com,2026-05-19T21:10:30.000Z,19e42137762ba3bc,,,20/05/2026,high,,,,,,,https://n8n.srv1394811.hstgr.cloud/workflow/49zR0Hk51NjHNw5E/executions/2700
02/013710,MIGVAN - מגוון,2026-05-17,MIGVAN - מגוון,2443.00,2070.34,372.7,ספקים ביגוד,אביזרי אופנה לפי רשימה מפורטת ומצורפת x1,,הדסה אבלס,,,,https://drive.google.com/file/d/12XswTL9FDZu5rzv0hsWVnup_wdzvqWPj/view?usp=drivesdk,https://drive.google.com/drive/folders/1a-JYXOCvwNtzWzwpP3IbN-y1jwrnCJww,https://mail.google.com/mail/u/0/#inbox/19e4204e005c0d46,h8420785@gmail.com,2026-05-19T20:54:35.000Z,19e4204e005c0d46,,,20/05/2026,high,,,,,,,https://n8n.srv1394811.hstgr.cloud/workflow/49zR0Hk51NjHNw5E/executions/2702
0144,,2026-05-18,שיק - יצור ושיווק כיסויי ראש ואביזרי שיער,4572.00,3875.00,697.0,ספקים כיסויי ראש ומטפחות,בנדנה חיסין שכבה אחת x14 - 560₪,,הדסה אבלס,,,,https://drive.google.com/file/d/1--Bo16DUhEEwhc8MhSHy8ywMggC5Vxg7/view?usp=drivesdk,https://drive.google.com/drive/folders/1a-JYXOCvwNtzWzwpP3IbN-y1jwrnCJww,https://mail.google.com/mail/u/0/#inbox/19e420150e1f1f44,h8420785@gmail.com,2026-05-19T20:50:42.000Z,19e420150e1f1f44,,,20/05/2026,medium,,,,,,,https://n8n.srv1394811.hstgr.cloud/workflow/49zR0Hk51NjHNw5E/executions/2703
20262169908,א.מ סיטי קאר רכב שיתופי בע״מ,2026-05-20,א.מ סיטי קאר רכב שיתופי בע״מ,20.30,17.20,3.1,הוצאות ניהול,שעות קטגוריה קטן x1 - 15.20 ₪,החזר חלקי,סיטי קאר,,,,https://drive.google.com/file/d/1rksO0Pn0XsYmmpA6B86yJNClpY-pwADW/view?usp=drivesdk,https://drive.google.com/drive/folders/1a-JYXOCvwNtzWzwpP3IbN-y1jwrnCJww,https://mail.google.com/mail/u/0/#inbox/19e43c17d531b544,no-reply@citycar.co.il,2026-05-20T05:00:09.000Z,19e43c17d531b544,,,20/05/2026,high,,,,,,,https://n8n.srv1394811.hstgr.cloud/workflow/49zR0Hk51NjHNw5E/executions/2722
5410,חיה אורדמן בע״מ,2026-05-20,חיה אורדמן בע״מ,1593.00,1350.00,243.0,ספקים ביגוד,סרפן מנומר דגם DRO27142 x6,,"חיה אורדמן בע""מ 515872802",,,,https://drive.google.com/file/d/1TU_QNTR2j4G4I8IYA1yKDuxbUVMLZQAq/view?usp=drivesdk,https://drive.google.com/drive/folders/1a-JYXOCvwNtzWzwpP3IbN-y1jwrnCJww,https://mail.google.com/mail/u/0/#inbox/19e4491233c76c3b,app@invoice-maven.co.il,2026-05-20T08:47:01.000Z,19e4491233c76c3b,,,20/05/2026,high,,,,,,,https://n8n.srv1394811.hstgr.cloud/workflow/49zR0Hk51NjHNw5E/executions/2732
1666,כובעי זיוה,2026-05-20,כובעי זיוה,2083.88,1766.00,317.9,ספקים כיסויי ראש,בנדנה מלנג x23,,כובעי זיוה,,,,https://drive.google.com/file/d/1IpExtIILPIfhpoHKiwtEZT3UCq57egYS/view?usp=drivesdk,https://drive.google.com/drive/folders/1a-JYXOCvwNtzWzwpP3IbN-y1jwrnCJww,https://mail.google.com/mail/u/0/#inbox/19e44d7e6af893ad,noreply@ezcount.co.il,2026-05-20T10:04:20.000Z,19e44d7e6af893ad,,,20/05/2026,high,,,,,,,https://n8n.srv1394811.hstgr.cloud/workflow/49zR0Hk51NjHNw5E/executions/2735
5217,ציפי וינברג c.u.wear,2026-05-20,ציפי וינברג c.u.wear,-6021.54,-5103.00,-918.5,ספקים ביגוד,סרפן בסיס שחור x1,,ציפי וינברג ,,,,https://drive.google.com/file/d/1EFBKPRCs3q-vYgWTMMu5-dOmOamagxZm/view?usp=drivesdk,https://drive.google.com/drive/folders/1a-JYXOCvwNtzWzwpP3IbN-y1jwrnCJww,https://mail.google.com/mail/u/0/#inbox/19e4502234ea83bc,outgoing@icount.co.il,2026-05-20T10:50:28.000Z,19e4502234ea83bc,,,20/05/2026,high,,,,,,,https://n8n.srv1394811.hstgr.cloud/workflow/49zR0Hk51NjHNw5E/executions/2738
267000058CR,בגדי נוחות בע״מ,2026-05-20,בגדי נוחות בע״מ,-2358.00,-1998.31,-359.7,ספקים ביגוד,שמלת בית ריבר שחור כחול S x1,,בתיה חי,,,,https://drive.google.com/file/d/1HmtQdw96UwsKvqcRMQ2n9v_1D4ecQSSf/view?usp=drivesdk,https://drive.google.com/drive/folders/1a-JYXOCvwNtzWzwpP3IbN-y1jwrnCJww,https://mail.google.com/mail/u/0/#inbox/19e45342c6cdabdb,batya@ninarocca.co.il,2026-05-20T11:45:00.000Z,19e45342c6cdabdb,,,20/05/2026,high,,,,,,,https://n8n.srv1394811.hstgr.cloud/workflow/49zR0Hk51NjHNw5E/executions/2742
20262172174,א.מ סיטי קאר רכב שיתופי בע״מ,2026-05-21,א.מ סיטי קאר רכב שיתופי בע״מ,40.70,34.49,6.2,הוצאות ניהול,שעות קטגוריה קטן x1 - 15.20 ₪,החזר חלקי,סיטי קאר,,,,https://drive.google.com/file/d/1lMV11jakUx_T0ju3dIvieCWunPKKPBHC/view?usp=drivesdk,https://drive.google.com/drive/folders/1a-JYXOCvwNtzWzwpP3IbN-y1jwrnCJww,https://mail.google.com/mail/u/0/#inbox/19e4a1fa67755a56,no-reply@citycar.co.il,2026-05-21T10:40:47.000Z,19e4a1fa67755a56,,,21/05/2026,high,,,,,,,https://n8n.srv1394811.hstgr.cloud/workflow/49zR0Hk51NjHNw5E/executions/2809
01/002225,אסתר מוטצן,2026-05-24,אסתר מוטצן,3304.00,2800.00,504.0,ספקים ביגוד,חולצת פרח x12,,,,,,https://drive.google.com/file/d/1tYQkHyUYC2TBCwnt5AoUlvKq9_a74LeC/view?usp=drivesdk,https://drive.google.com/drive/folders/1a-JYXOCvwNtzWzwpP3IbN-y1jwrnCJww,https://mail.google.com/mail/u/0/#inbox/19e58cdf652720c8,a0548468448@gmail.com,2026-05-24T07:05:52.000Z,19e58cdf652720c8,,,24/05/2026,high,,,,,,,https://n8n.srv1394811.hstgr.cloud/workflow/49zR0Hk51NjHNw5E/executions/3014
50646,שיקלוק,2026-05-20,שיקלוק,4160.00,3525.42,634.6,ספקים ביגוד,משי x15,,הדסה אבלס,,,,https://drive.google.com/file/d/1SuzFgzjvILB5XBY4bWFlwVvrDv4qESnR/view?usp=drivesdk,https://drive.google.com/drive/folders/1a-JYXOCvwNtzWzwpP3IbN-y1jwrnCJww,https://mail.google.com/mail/u/0/#inbox/19e5ab4cdb3be8e5,h8420785@gmail.com,2026-05-24T15:57:43.000Z,19e5ab4cdb3be8e5,,,24/05/2026,high,,,,,,,https://n8n.srv1394811.hstgr.cloud/workflow/49zR0Hk51NjHNw5E/executions/3050
388043,איי פקט בע״מ,2026-05-25,איי פקט בע״מ,193.52,164.00,29.5,הוצאות ניהול,הדסה אבלס - מנוי חודשי ביזיבוקס לעסקים עבור עד 5 חשבונות x1,,"איי פקט בע""מ",,,,https://drive.google.com/file/d/1_FoYjjahfYg0SH14uCrwkuMI8n_ihfFQ/view?usp=drivesdk,https://drive.google.com/drive/folders/1a-JYXOCvwNtzWzwpP3IbN-y1jwrnCJww,https://mail.google.com/mail/u/0/#inbox/19e5d77728247315,outgoing@out.cardcom.co.il,2026-05-25T04:49:28.000Z,19e5d77728247315,,,25/05/2026,high,,,,,,,https://n8n.srv1394811.hstgr.cloud/workflow/49zR0Hk51NjHNw5E/executions/3114
5840,אופנת הלו בייבי,2026-04-14,אופנת הלו בייבי,15560.00,0.00,0.0,ספקים ביגוד,דייס יוסקידז x152 - 85 ש״ח ליחידה = 12920,,הדסה אבלס,,,,https://drive.google.com/file/d/1dlAso8ldpvC0Mw6SLPnlqzNguXbMB8op/view?usp=drivesdk,https://drive.google.com/drive/folders/1a-JYXOCvwNtzWzwpP3IbN-y1jwrnCJww,https://mail.google.com/mail/u/0/#inbox/19e59a105c98acd2,h8420785@gmail.com,2026-05-24T10:56:24.000Z,19e59a105c98acd2,,,25/05/2026,medium,,,,,,,https://n8n.srv1394811.hstgr.cloud/workflow/49zR0Hk51NjHNw5E/executions/3123
1911,חיה אורדמן בע״מ,2026-05-25,חיה אורדמן בע״מ,-621.27,-526.50,-94.8,ספקים ביגוד,חצאית לייקרה מתרחבת קצרה דגם SO2201 x3,,"חיה אורדמן בע""מ 515872802",,,,https://drive.google.com/file/d/1XyjZdMyo1Fa3xoh6B86O5p6DneEGdIy0/view?usp=drivesdk,https://drive.google.com/drive/folders/1a-JYXOCvwNtzWzwpP3IbN-y1jwrnCJww,https://mail.google.com/mail/u/0/#inbox/19e5e28e4ae82b0f,app@invoice-maven.co.il,2026-05-25T08:03:16.000Z,19e5e28e4ae82b0f,,,25/05/2026,high,,,,,,,https://n8n.srv1394811.hstgr.cloud/workflow/49zR0Hk51NjHNw5E/executions/3126
20262172174,א.מ סיטי קאר רכב שיתופי בע״מ,2026-05-21,א.מ סיטי קאר רכב שיתופי בע״מ,40.70,34.49,6.2,הוצאות ניהול,שעות קטגוריה קטן x1 - 15.20 ₪,החזר חלקי,סיטי קאר,,,,https://drive.google.com/file/d/1VVk4TTXuJ2qa1xb7v7G-Jet3W0HqsUvt/view?usp=drivesdk,https://drive.google.com/drive/folders/1a-JYXOCvwNtzWzwpP3IbN-y1jwrnCJww,https://mail.google.com/mail/u/0/#inbox/19e4a1fa67755a56,no-reply@citycar.co.il,2026-05-21T10:40:47.000Z,19e4a1fa67755a56,,,25/05/2026,high,,,,,,,https://n8n.srv1394811.hstgr.cloud/workflow/49zR0Hk51NjHNw5E/executions/3131
20262172174,א.מ סיטי קאר רכב שיתופי בע״מ,2026-05-21,א.מ סיטי קאר רכב שיתופי בע״מ,40.70,34.49,6.2,הוצאות ניהול,שעות קטגוריה קטן x1 - 15.20 ₪,החזר חלקי,סיטי קאר,,,,https://drive.google.com/file/d/1lMV11jakUx_T0ju3dIvieCWunPKKPBHC/view?usp=drivesdk,https://drive.google.com/drive/folders/1a-JYXOCvwNtzWzwpP3IbN-y1jwrnCJww,https://mail.google.com/mail/u/0/#inbox/19e4a1fa67755a56,no-reply@citycar.co.il,2026-05-21T10:40:47.000Z,19e4a1fa67755a56,,,25/05/2026,high,,,,,,,https://n8n.srv1394811.hstgr.cloud/workflow/49zR0Hk51NjHNw5E/executions/3131
20262175327,א.מ סיטי קאר רכב שיתופי בע״מ,2026-05-25,א.מ סיטי קאר רכב שיתופי בע״מ,64.40,54.58,9.8,הוצאות ניהול,שעות קטגוריה קטן x2 - 64.40 ₪,החזר חלקי,סיטי קאר,,,,https://drive.google.com/file/d/1kqq02hxK5YCCAROPVd8eFYPL5DXMCZ77/view?usp=drivesdk,https://drive.google.com/drive/folders/1a-JYXOCvwNtzWzwpP3IbN-y1jwrnCJww,https://mail.google.com/mail/u/0/#inbox/19e5ef309d88a52a,no-reply@citycar.co.il,2026-05-25T11:44:05.000Z,19e5ef309d88a52a,,,25/05/2026,high,,,,,,,https://n8n.srv1394811.hstgr.cloud/workflow/49zR0Hk51NjHNw5E/executions/3137
8145301,א.מ. פרחים בע״מ,2026-05-21,א.מ. פרחים בע״מ,200.00,169.49,30.5,שונות,פריס כללי x1,,הדסה אבלס,,,,https://drive.google.com/file/d/1qCDvMOExByzAxfypzi-pzbz0_r_C_slo/view?usp=drivesdk,https://drive.google.com/drive/folders/1a-JYXOCvwNtzWzwpP3IbN-y1jwrnCJww,https://mail.google.com/mail/u/0/#inbox/19e5f9747f40add1,h8420785@gmail.com,2026-05-25T14:43:29.000Z,19e5f9747f40add1,,,25/05/2026,high,,,,,,,https://n8n.srv1394811.hstgr.cloud/workflow/49zR0Hk51NjHNw5E/executions/3147
100877,וליוקארד בע״מ,2026-05-25,וליוקארד בע״מ,443.00,375.70,67.6,הוצאות ניהול,שימוש שוטף במערכת וליוקארד 05/26 x1,,"וליוקארד בע""מ",,,,https://drive.google.com/file/d/1BW9OaVTi8Bxh5b-GF1aMRaag6OKam8Bz/view?usp=drivesdk,https://drive.google.com/drive/folders/1a-JYXOCvwNtzWzwpP3IbN-y1jwrnCJww,https://mail.google.com/mail/u/0/#inbox/19e5ff9e3ca20577,invoice@hclickapp.co.il,2026-05-25T16:31:11.000Z,19e5ff9e3ca20577,,,25/05/2026,high,,,,,,,https://n8n.srv1394811.hstgr.cloud/workflow/49zR0Hk51NjHNw5E/executions/3151
01/011498,בס״ד ציפורה אחדות א.צ.ל,2026-04-30,בס״ד ציפורה אחדות א.צ.ל,11682.00,9900.00,1782.0,ספקים ביגוד,חצאית 90 סמ תפר פלקלוק x36,,הדסה אבלס,,,,https://drive.google.com/file/d/1wMt9bWX3IugOB1UqfQSW4XXx18UtXBDB/view?usp=drivesdk,https://drive.google.com/drive/folders/1a-JYXOCvwNtzWzwpP3IbN-y1jwrnCJww,https://mail.google.com/mail/u/0/#inbox/19e609dd36c650b7,h8420785@gmail.com,2026-05-25T19:30:15.000Z,19e609dd36c650b7,,,25/05/2026,high,,,,,,,https://n8n.srv1394811.hstgr.cloud/workflow/49zR0Hk51NjHNw5E/executions/3160
071449,בטר אנד דיפרנט בע״מ,2026-05-25,בטר אנד דיפרנט בע״מ,48.50,41.45,7.1,ספקים ביגוד,מיץ תפרוחים x1 - 12.50,,הדסה אבלס,,,,https://drive.google.com/file/d/1-By_hlIx5jcaI1R6hx3VUfMlePrRe0IV/view?usp=drivesdk,https://drive.google.com/drive/folders/1a-JYXOCvwNtzWzwpP3IbN-y1jwrnCJww,https://mail.google.com/mail/u/0/#inbox/19e60b87061c6548,h8420785@gmail.com,2026-05-25T19:59:19.000Z,19e60b87061c6548,,,25/05/2026,medium,,,,,,,https://n8n.srv1394811.hstgr.cloud/workflow/49zR0Hk51NjHNw5E/executions/3162
70199,כובעי זיוה,2026-05-07,כובעי זיוה,6200.90,5255.00,945.9,ספקים כיסויי ראש ומטפחות,בנדנה רשת כפול +טול x18,,הדסה אבלס,,,,https://drive.google.com/file/d/15tTp6tKFCf8M1VaLuYN9HpBDMQDR7XG2/view?usp=drivesdk,https://drive.google.com/drive/folders/1a-JYXOCvwNtzWzwpP3IbN-y1jwrnCJww,https://mail.google.com/mail/u/0/#inbox/19e6155952c66465,h8420785@gmail.com,2026-05-25T22:50:57.000Z,19e6155952c66465,,,26/05/2026,high,,,,,,,https://n8n.srv1394811.hstgr.cloud/workflow/49zR0Hk51NjHNw5E/executions/3171
4613,רחלי ברית,2026-05-25,רחלי ברית,5187.41,4396.11,791.3,ספקים ביגוד,חולצות בקי אוטומטרי חבלות x6,,הדסה אבלס,,,,https://drive.google.com/file/d/16y-gof-qSDmSwWsgOc2JAXKG1sIu0gsf/view?usp=drivesdk,https://drive.google.com/drive/folders/1a-JYXOCvwNtzWzwpP3IbN-y1jwrnCJww,https://mail.google.com/mail/u/0/#inbox/19e62be46975c8c5,h8420785@gmail.com,2026-05-26T05:24:57.000Z,19e62be46975c8c5,,,26/05/2026,medium,,,,,,,https://n8n.srv1394811.hstgr.cloud/workflow/49zR0Hk51NjHNw5E/executions/3190
6199,Pleasures תורג'מן,2026-05-07,Pleasures תורג'מן,3490.00,0.00,0.0,ספקים ביגוד,"סטייל בז x8 - מחיר 180, סה״כ 1440",,הדסה אבלס,,,,https://drive.google.com/file/d/1loO8nEsJ9uqySZiEnZ3uSWZ-bpG6hvy4/view?usp=drivesdk,https://drive.google.com/drive/folders/1a-JYXOCvwNtzWzwpP3IbN-y1jwrnCJww,https://mail.google.com/mail/u/0/#inbox/19e62be4268fec71,h8420785@gmail.com,2026-05-26T05:24:56.000Z,19e62be4268fec71,,,26/05/2026,medium,,,,,,,https://n8n.srv1394811.hstgr.cloud/workflow/49zR0Hk51NjHNw5E/executions/3192
01/011501,בס״ד ציפורה אחדות א.צ.ל,2003-05-26,בס״ד ציפורה אחדות א.צ.ל,283.20,240.00,43.2,ספקים ביגוד,חולצה הנס 266 x6,,הדסה אבלס,,,,https://drive.google.com/file/d/1ojH2X8Q_tL-Cd5KA30kWm1957M4QEyi9/view?usp=drivesdk,https://drive.google.com/drive/folders/1a-JYXOCvwNtzWzwpP3IbN-y1jwrnCJww,https://mail.google.com/mail/u/0/#inbox/19e62be378193048,h8420785@gmail.com,2026-05-26T05:24:52.000Z,19e62be378193048,,,26/05/2026,high,,,,,,,https://n8n.srv1394811.hstgr.cloud/workflow/49zR0Hk51NjHNw5E/executions/3193
70199,כובעי זיוה,2026-05-07,כובעי זיוה,6200.90,5255.00,945.9,ספקים כיסויי ראש ומטפחות,בנדנה רשת כפול +טול x18,,הדסה אבלס,,,,https://drive.google.com/file/d/1sS_VRnUByc6X2lavxh04D9BaikCCngq7/view?usp=drivesdk,https://drive.google.com/drive/folders/1a-JYXOCvwNtzWzwpP3IbN-y1jwrnCJww,https://mail.google.com/mail/u/0/#inbox/19e62bdc79176c72,h8420785@gmail.com,2026-05-25T22:51:39.000Z,19e62bdc79176c72,,,26/05/2026,high,,,,,,,https://n8n.srv1394811.hstgr.cloud/workflow/49zR0Hk51NjHNw5E/executions/3195
70199,כובעי זיוה,2026-05-07,כובעי זיוה,6200.90,5255.00,945.9,ספקים כיסויי ראש ומטפחות,בנדנה רשת כפול +טול x18,,הדסה אבלס,,,,https://drive.google.com/file/d/15tTp6tKFCf8M1VaLuYN9HpBDMQDR7XG2/view?usp=drivesdk,https://drive.google.com/drive/folders/1a-JYXOCvwNtzWzwpP3IbN-y1jwrnCJww,https://mail.google.com/mail/u/0/#inbox/19e62bdc79176c72,h8420785@gmail.com,2026-05-25T22:51:39.000Z,19e62bdc79176c72,,,26/05/2026,high,,,,,,,https://n8n.srv1394811.hstgr.cloud/workflow/49zR0Hk51NjHNw5E/executions/3195
01/002698,ST FASHION,2026-05-26,ST FASHION,3082.00,2611.86,470.1,ספקים ביגוד,G4 x7,,,,,,https://drive.google.com/file/d/1neZRo_cc2zbNgef-5SOVRROmJ3Ciivwu/view?usp=drivesdk,https://drive.google.com/drive/folders/1a-JYXOCvwNtzWzwpP3IbN-y1jwrnCJww,https://mail.google.com/mail/u/0/#inbox/19e63443c41860ea,0584483765st@gmail.com,2026-05-26T07:51:15.000Z,19e63443c41860ea,,,26/05/2026,high,,,,,,,https://n8n.srv1394811.hstgr.cloud/workflow/49zR0Hk51NjHNw5E/executions/3198
01/002700,ST FASHION,2026-05-26,ST FASHION,852.00,722.03,130.0,ספקים ביגוד,N7 20260042 x5,,,,,,https://drive.google.com/file/d/1QwAZN24wmAJYOEtSOch28zqHsXnRGLvv/view?usp=drivesdk,https://drive.google.com/drive/folders/1a-JYXOCvwNtzWzwpP3IbN-y1jwrnCJww,https://mail.google.com/mail/u/0/#inbox/19e63c5a4c010612,0584483765st@gmail.com,2026-05-26T10:12:36.000Z,19e63c5a4c010612,,,26/05/2026,high,,,,,,,https://n8n.srv1394811.hstgr.cloud/workflow/49zR0Hk51NjHNw5E/executions/3204
20262177544,א.מ סיטי קאר רכב שיתופי בע״מ,2026-05-27,א.מ סיטי קאר רכב שיתופי בע״מ,182.40,154.58,27.8,שונות,עמלת הזמנה על ידי נציג שינוי תחנה x1,החזר חלקי,סיטי קאר,,,,https://drive.google.com/file/d/1SVSWYqwkjNfeUa5vgrPyGYud-mQFQbwy/view?usp=drivesdk,https://drive.google.com/drive/folders/1a-JYXOCvwNtzWzwpP3IbN-y1jwrnCJww,https://mail.google.com/mail/u/0/#inbox/19e67ce1fc3e949c,no-reply@citycar.co.il,2026-05-27T05:00:18.000Z,19e67ce1fc3e949c,,,27/05/2026,high,,,,,,,https://n8n.srv1394811.hstgr.cloud/workflow/49zR0Hk51NjHNw5E/executions/3260
01/002248,אסתר מוטצן,2026-05-27,אסתר מוטצן,5203.80,4410.00,793.8,ספקים ביגוד,כותונת פפיון x12,,,,,,https://drive.google.com/file/d/1RrsGEb657kx-yiVttlspI66-5oy542rB/view?usp=drivesdk,https://drive.google.com/drive/folders/1a-JYXOCvwNtzWzwpP3IbN-y1jwrnCJww,https://mail.google.com/mail/u/0/#inbox/19e6803096f4bdbb,a0548468448@gmail.com,2026-05-27T05:58:08.000Z,19e6803096f4bdbb,,,27/05/2026,high,,,,,,,https://n8n.srv1394811.hstgr.cloud/workflow/49zR0Hk51NjHNw5E/executions/3264
26/182/88,חניון ספרא,2026-05-26,חניון ספרא,24.00,0.00,0.0,הוצאות ניהול,"חניון - כניסה 26/05/26 20:10, כרטיס 180390",,הדסה אבלס,,,,https://drive.google.com/file/d/1hpdVvs_6WD3O2b2gLHA23YzACw0MY8aJ/view?usp=drivesdk,https://drive.google.com/drive/folders/1a-JYXOCvwNtzWzwpP3IbN-y1jwrnCJww,https://mail.google.com/mail/u/0/#inbox/19e6832bfb08a8e5,h8420785@gmail.com,2026-05-27T06:50:16.000Z,19e6832bfb08a8e5,,,27/05/2026,medium,,,,,,,https://n8n.srv1394811.hstgr.cloud/workflow/49zR0Hk51NjHNw5E/executions/3267
735995,מיי קאר ישראל בע״מ,2026-05-27,מיי קאר ישראל בע״מ,626.40,530.85,95.6,הוצאות ניהול,ימים x1,החזר חלקי,,,,,https://drive.google.com/file/d/1fkxBsXsBFMIpwY8uEGHk7OEecOCLi9gG/view?usp=drivesdk,https://drive.google.com/drive/folders/1a-JYXOCvwNtzWzwpP3IbN-y1jwrnCJww,https://mail.google.com/mail/u/0/#inbox/19e68ea5ce6681ee,do-not-reply@tranzila.com,2026-05-27T10:10:49.000Z,19e68ea5ce6681ee,,,27/05/2026,high,,,,,,,https://n8n.srv1394811.hstgr.cloud/workflow/49zR0Hk51NjHNw5E/executions/3278
2002394,סמארט סנט בע״מ,2026-05-27,סמארט סנט בע״מ,236.00,200.00,36.0,הוצאות ניהול,"מסילת יוסף 2, מודיעין עלית, אמצע חנות, לתקופה 01/05/26 - 31/05/26 x1",,סמארט סנט בעמ - הנהלת חשבונות,,,,https://drive.google.com/file/d/1MnFtWLREixv4QXckVUquysdUl8-LxDFs/view?usp=drivesdk,https://drive.google.com/drive/folders/1a-JYXOCvwNtzWzwpP3IbN-y1jwrnCJww,https://mail.google.com/mail/u/0/#inbox/19e6805479d61bf5,smart@smartscent.co.il,2026-05-27T06:00:34.000Z,19e6805479d61bf5,,,27/05/2026,high,,,,,,,https://n8n.srv1394811.hstgr.cloud/workflow/49zR0Hk51NjHNw5E/executions/3283
735995,מיי קאר ישראל בע״מ,2026-05-27,מיי קאר ישראל בע״מ,626.40,530.85,95.6,הוצאות ניהול,ימים x1,החזר חלקי,,,,,https://drive.google.com/file/d/1dCrzguwt_ijt8LzGQ4CEzkp0SRPV71zj/view?usp=drivesdk,https://drive.google.com/drive/folders/1a-JYXOCvwNtzWzwpP3IbN-y1jwrnCJww,https://mail.google.com/mail/u/0/#inbox/19e68ea5ce6681ee,do-not-reply@tranzila.com,2026-05-27T10:10:49.000Z,19e68ea5ce6681ee,,,27/05/2026,high,,,,,,,https://n8n.srv1394811.hstgr.cloud/workflow/49zR0Hk51NjHNw5E/executions/3290
735995,מיי קאר ישראל בע״מ,2026-05-27,מיי קאר ישראל בע״מ,626.40,530.85,95.6,הוצאות ניהול,ימים x1,החזר חלקי,,,,,https://drive.google.com/file/d/1fkxBsXsBFMIpwY8uEGHk7OEecOCLi9gG/view?usp=drivesdk,https://drive.google.com/drive/folders/1a-JYXOCvwNtzWzwpP3IbN-y1jwrnCJww,https://mail.google.com/mail/u/0/#inbox/19e68ea5ce6681ee,do-not-reply@tranzila.com,2026-05-27T10:10:49.000Z,19e68ea5ce6681ee,,,27/05/2026,high,,,,,,,https://n8n.srv1394811.hstgr.cloud/workflow/49zR0Hk51NjHNw5E/executions/3290
4618,רחלי ברית בע״מ,2026-05-26,רחלי ברית בע״מ,11174.93,9470.28,1704.7,ספקים ביגוד,חצאית טידי אבן חלקים L x1,,הדסה אבלס,,,,https://drive.google.com/file/d/1mlnzRm5GjhY_7R92F9-ElUIcqRkPyuRH/view?usp=drivesdk,https://drive.google.com/drive/folders/1a-JYXOCvwNtzWzwpP3IbN-y1jwrnCJww,https://mail.google.com/mail/u/0/#inbox/19e6aa401e798843,h8420785@gmail.com,2026-05-27T18:13:13.000Z,19e6aa401e798843,,,27/05/2026,high,,,,,,,https://n8n.srv1394811.hstgr.cloud/workflow/49zR0Hk51NjHNw5E/executions/3300
8130,ציפי וינברג c.u.wear,2026-05-27,ציפי וינברג c.u.wear,8140.82,6899.00,1241.8,ספקים ביגוד,חולצה הדפס פייזלי x13,,הדסה אבלס,,,,https://drive.google.com/file/d/1hdndUz6-2C7bWpMQ_i-x3rQRkwVTuvCs/view?usp=drivesdk,https://drive.google.com/drive/folders/1a-JYXOCvwNtzWzwpP3IbN-y1jwrnCJww,https://mail.google.com/mail/u/0/#inbox/19e6d742fb709c9b,h8420785@gmail.com,2026-05-28T07:19:51.000Z,19e6d742fb709c9b,,,28/05/2026,high,,,,,,,https://n8n.srv1394811.hstgr.cloud/workflow/49zR0Hk51NjHNw5E/executions/3339
739,רחלי ברית בע״מ,2026-05-27,רחלי ברית בע״מ,46686.29,39564.65,7121.6,ספקים ביגוד,חולצת כפתרה גאומטרי ירוק XS x-6,,הדסה אבלס,,,,https://drive.google.com/file/d/1EPbXtMVhnnZN1bd39LFZWnQvg9KHAiMY/view?usp=drivesdk,https://drive.google.com/drive/folders/1a-JYXOCvwNtzWzwpP3IbN-y1jwrnCJww,https://mail.google.com/mail/u/0/#inbox/19e6d77d0532930f,h8420785@gmail.com,2026-05-28T07:23:50.000Z,19e6d77d0532930f,,,28/05/2026,high,,,,,,,https://n8n.srv1394811.hstgr.cloud/workflow/49zR0Hk51NjHNw5E/executions/3340
736446,מיי קאר ישראל בע״מ,2026-05-28,מיי קאר ישראל בע״מ,-502.70,-426.02,-76.7,שונות,הזמנה מס' 824178 - BYD ATTO 3 - מספר רכב 36733403 - מסילת יוסף 9 מודיעין עילית,החזר חלקי,,,,,https://drive.google.com/file/d/1G3WMJeGktjDh0aTfwpF5crApTWcGqK2q/view?usp=drivesdk,https://drive.google.com/drive/folders/1a-JYXOCvwNtzWzwpP3IbN-y1jwrnCJww,https://mail.google.com/mail/u/0/#inbox/19e6d9bf4f2ebe17,do-not-reply@tranzila.com,2026-05-28T08:03:16.000Z,19e6d9bf4f2ebe17,,,28/05/2026,high,,,,,,,https://n8n.srv1394811.hstgr.cloud/workflow/49zR0Hk51NjHNw5E/executions/3348